row_index,id,kind,page,tier_pdf,label,code,parent_id_pdf,parent_id_prexc,depth_pdf,depth_prexc,prexc_identifier,ps,mooe,co,total
1,p13:ph13,section,13,0,A. REGULAR PROGRAMS,,root,root,1,1,,,,,
2,p13:r0,program,13,1,General Administration and Support,100000000000000,p13:ph13,p13:ph13,2,2,0,13794990000,1505758000,2777545000,18078293000
3,p13:r1,activity,13,1,General Management and Supervision,100000100001000,p13:r0,p13:r0,3,3,1,13213299000,1505758000,2777545000,17496602000
4,p13:r2,region,13,1,National Capital Region (NCR),,p13:r1,p13:r1,4,4,,3935495000,745976000,2777545000,7459016000
5,p13:r3,office,13,2,Central Office,,p13:r2,p13:r2,5,5,,3506063000,702704000,2777545000,6986312000
6,p13:r4,office,13,2,NCR Regional Office - Proper,,p13:r2,p13:r2,5,5,,78157000,24732000,,102889000
7,p13:r5,office,13,2,Las Pi ñ as-Muntinlupa District Engineering Office,,p13:r2,p13:r2,5,5,,28160000,2060000,,30220000
8,p13:r6,office,13,2,Malabon-Navotas District Engineering Office,,p13:r2,p13:r2,5,5,,28532000,2060000,,30592000
9,p13:r7,office,13,2,Metro Manila 1st District Engineering Office,,p13:r2,p13:r2,5,5,,44233000,2060000,,46293000
10,p13:r8,office,13,2,Metro Manila 2nd District Engineering Office,,p13:r2,p13:r2,5,5,,37378000,2060000,,39438000
11,p13:r9,office,13,2,Metro Manila 3rd District Engineering Office,,p13:r2,p13:r2,5,5,,36775000,2060000,,38835000
12,p13:r10,office,13,2,North Manila District Engineering Office,,p13:r2,p13:r2,5,5,,34609000,2060000,,36669000
13,p13:r11,office,13,2,Quezon City 1st District Engineering Office,,p13:r2,p13:r2,5,5,,45583000,2060000,,47643000
14,p13:r12,office,13,2,Quezon City 2nd District Engineering Office,,p13:r2,p13:r2,5,5,,48834000,2060000,,50894000
15,p13:r13,office,13,2,South Manila District Engineering Office,,p13:r2,p13:r2,5,5,,47171000,2060000,,49231000
16,p13:r14,region,13,1,Region I - Ilocos,,p13:r1,p13:r1,4,4,,556206000,45153000,,601359000
17,p13:r15,office,13,2,Regional Office I - Proper,,p13:r14,p13:r14,5,5,,136053000,24773000,,160826000
18,p13:r16,office,13,2,Ilocos Norte 1st District Engineering Office,,p13:r14,p13:r14,5,5,,46959000,2038000,,48997000
19,p13:r17,office,13,2,Ilocos Norte 2nd District Engineering Office,,p13:r14,p13:r14,5,5,,47854000,2038000,,49892000
20,p13:r18,office,13,2,Ilocos Sur 1st District Engineering Office,,p13:r14,p13:r14,5,5,,37096000,2038000,,39134000
21,p13:r19,office,13,2,Ilocos Sur 2nd District Engineering Office,,p13:r14,p13:r14,5,5,,44436000,2038000,,46474000
22,p14:r0,office,14,2,La Union 1st District Engineering Office,,p13:r14,p13:r14,5,5,,,37234000,2038000,39272000
23,p14:r1,office,14,2,La Union 2nd District Engineering Office,,p13:r14,p13:r14,5,5,,,37047000,2038000,39085000
24,p14:r2,office,14,2,Pangasinan 1st District Engineering Office,,p13:r14,p13:r14,5,5,,,37245000,2038000,39283000
25,p14:r3,office,14,2,Pangasinan 2nd District Engineering Office,,p13:r14,p13:r14,5,5,,,46545000,2038000,48583000
26,p14:r4,office,14,2,Pangasinan 3rd District Engineering Office,,p13:r14,p13:r14,5,5,,,48794000,2038000,50832000
27,p14:r5,office,14,2,Pangasinan 4th District Engineering Office,,p13:r14,p13:r14,5,5,,,36943000,2038000,38981000
28,p14:r6,region,14,1,Cordillera Administrative Region (CAR),,p13:r1,p13:r1,4,4,,,582005000,50191000,632196000
29,p14:r7,office,14,2,Regional Office CAR - Proper,,p14:r6,p14:r6,5,5,,,103078000,25759000,128837000
30,p14:r8,office,14,2,Abra District Engineering Office,,p14:r6,p14:r6,5,5,,,39227000,2036000,41263000
31,p14:r9,office,14,2,Apayao 1st District Engineering Office,,p14:r6,p14:r6,5,5,,,36781000,2036000,38817000
32,p14:r10,office,14,2,Apayao 2nd District Engineering Office,,p14:r6,p14:r6,5,5,,,47254000,2036000,49290000
33,p14:r11,office,14,2,Baguio City District Engineering Office,,p14:r6,p14:r6,5,5,,,34974000,2036000,37010000
34,p14:r12,office,14,2,Benguet 1st District Engineering Office,,p14:r6,p14:r6,5,5,,,45159000,2036000,47195000
35,p14:r13,office,14,2,Benguet 2nd District Engineering Office,,p14:r6,p14:r6,5,5,,,36974000,2036000,39010000
36,p14:r14,office,14,2,Ifugao 1st District Engineering Office,,p14:r6,p14:r6,5,5,,,35519000,2036000,37555000
37,p14:r15,office,14,2,Ifugao 2nd District Engineering Office,,p14:r6,p14:r6,5,5,,,34653000,2036000,36689000
38,p14:r16,office,14,2,Lower Kalinga District Engineering Office,,p14:r6,p14:r6,5,5,,,46902000,2036000,48938000
39,p14:r17,office,14,2,Mountain Province 2nd District Engineering Office,,p14:r6,p14:r6,5,5,,,37212000,2036000,39248000
40,p14:r18,office,14,2,Mountain Province First District Engineering Office,,p14:r6,p14:r6,5,5,,,48042000,2036000,50078000
41,p14:r19,office,14,2,Upper Kalinga District Engineering Office,,p14:r6,p14:r6,5,5,,,36230000,2036000,38266000
42,p14:r20,region,14,1,Region II - Cagayan Valley,,p13:r1,p13:r1,4,4,,,534558000,47084000,581642000
43,p14:r21,office,14,2,Regional Office II - Proper,,p14:r20,p14:r20,5,5,,,75155000,24644000,99799000
44,p14:r22,office,14,2,Batanes District Engineering Office,,p14:r20,p14:r20,5,5,,,30154000,2040000,32194000
45,p14:r23,office,14,2,Cagayan 1st District Engineering Office,,p14:r20,p14:r20,5,5,,,46281000,2040000,48321000
46,p14:r24,office,14,2,Cagayan 2nd District Engineering Office,,p14:r20,p14:r20,5,5,,,47087000,2040000,49127000
47,p15:r0,office,15,2,Cagayan 3rd District Engineering Office,,p14:r20,p14:r20,5,5,,,46892000,2040000,48932000
48,p15:r1,office,15,2,Isabela 1st District Engineering Office,,p14:r20,p14:r20,5,5,,,48672000,2040000,50712000
49,p15:r2,office,15,2,Isabela 2nd District Engineering Office,,p14:r20,p14:r20,5,5,,,36333000,2040000,38373000
50,p15:r3,office,15,2,Isabela 3rd District Engineering Office,,p14:r20,p14:r20,5,5,,,35444000,2040000,37484000
51,p15:r4,office,15,2,Isabela 4th District Engineering Office,,p14:r20,p14:r20,5,5,,,36501000,2040000,38541000
52,p15:r5,office,15,2,Nueva Vizcaya 2nd District Engineering Office,,p14:r20,p14:r20,5,5,,,47025000,2040000,49065000
53,p15:r6,office,15,2,Nueva Vizcaya District Engineering Office,,p14:r20,p14:r20,5,5,,,36469000,2040000,38509000
54,p15:r7,office,15,2,Quirino District Engineering Office,,p14:r20,p14:r20,5,5,,,48545000,2040000,50585000
55,p15:r8,region,15,1,Region III - Central Luzon,,p13:r1,p13:r1,4,4,,,844660000,63803000,908463000
56,p15:r9,office,15,2,Regional Office III - Proper,,p15:r8,p15:r8,5,5,,,216923000,30833000,247756000
57,p15:r10,office,15,2,Aurora District Engineering Office,,p15:r8,p15:r8,5,5,,,48536000,2086000,50622000
58,p15:r11,office,15,2,Bataan 1st District Engineering Office,,p15:r8,p15:r8,5,5,,,39147000,2086000,41233000
59,p15:r12,office,15,2,Bataan 2nd District Engineering Office,,p15:r8,p15:r8,5,5,,,47253000,2086000,49339000
60,p15:r13,office,15,2,Bataan 3rd District Engineering Office,,p15:r8,p15:r8,5,5,,,32475000,1883000,34358000
61,p15:r14,office,15,2,Bulacan 1st District Engineering Office,,p15:r8,p15:r8,5,5,,,30472000,2086000,32558000
62,p15:r15,office,15,2,Bulacan 2nd District Engineering Office,,p15:r8,p15:r8,5,5,,,35271000,2086000,37357000
63,p15:r16,office,15,2,Bulacan 3rd District Engineering Office,,p15:r8,p15:r8,5,5,,,36595000,1883000,38478000
64,p15:r17,office,15,2,Nueva Ecija 1st District Engineering Office,,p15:r8,p15:r8,5,5,,,50748000,2086000,52834000
65,p15:r18,office,15,2,Nueva Ecija 2nd District Engineering Office,,p15:r8,p15:r8,5,5,,,48659000,2086000,50745000
66,p15:r19,office,15,2,Pampanga 1st District Engineering Office,,p15:r8,p15:r8,5,5,,,45478000,2086000,47564000
67,p15:r20,office,15,2,Pampanga 2nd District Engineering Office,,p15:r8,p15:r8,5,5,,,34577000,2086000,36663000
68,p15:r21,office,15,2,Pampanga 3rd District Engineering Office,,p15:r8,p15:r8,5,5,,,26575000,2086000,28661000
69,p15:r22,office,15,2,Tarlac 2nd District Engineering Office,,p15:r8,p15:r8,5,5,,,36637000,2086000,38723000
70,p15:r23,office,15,2,Tarlac District Engineering Office,,p15:r8,p15:r8,5,5,,,44763000,2086000,46849000
71,p15:r24,office,15,2,Zambales 1st District Engineering Office,,p15:r8,p15:r8,5,5,,,35981000,2086000,38067000
72,p16:r0,office,16,2,Zambales 2nd District Engineering Office,,p15:r8,p15:r8,5,5,,,34570000,2086000,36656000
73,p16:r1,region,16,1,Region IVA - CALABARZON,,p13:r1,p13:r1,4,4,,,716715000,57783000,774498000
74,p16:r2,office,16,2,Regional Office IVA - Proper,,p16:r1,p16:r1,5,5,,,96940000,24503000,121443000
75,p16:r3,office,16,2,Batangas 1st District Engineering Office,,p16:r1,p16:r1,5,5,,,43374000,2080000,45454000
76,p16:r4,office,16,2,Batangas 2nd District Engineering Office,,p16:r1,p16:r1,5,5,,,36603000,2080000,38683000
77,p16:r5,office,16,2,Batangas 3rd District Engineering Office,,p16:r1,p16:r1,5,5,,,37025000,2080000,39105000
78,p16:r6,office,16,2,Batangas 4th District Engineering Office,,p16:r1,p16:r1,5,5,,,35357000,2080000,37437000
79,p16:r7,office,16,2,Cavite 2nd District Engineering Office,,p16:r1,p16:r1,5,5,,,42587000,2080000,44667000
80,p16:r8,office,16,2,Cavite District Engineering Office,,p16:r1,p16:r1,5,5,,,41200000,2080000,43280000
81,p16:r9,office,16,2,Cavite Third District Engineering Office,,p16:r1,p16:r1,5,5,,,33266000,2080000,35346000
82,p16:r10,office,16,2,Laguna 1st District Engineering Office,,p16:r1,p16:r1,5,5,,,37071000,2080000,39151000
83,p16:r11,office,16,2,Laguna 2nd District Engineering Office,,p16:r1,p16:r1,5,5,,,34450000,2080000,36530000
84,p16:r12,office,16,2,Laguna 3rd District Engineering Office,,p16:r1,p16:r1,5,5,,,34236000,2080000,36316000
85,p16:r13,office,16,2,Quezon 1st District Engineering Office,,p16:r1,p16:r1,5,5,,,36746000,2080000,38826000
86,p16:r14,office,16,2,Quezon 2nd District Engineering Office,,p16:r1,p16:r1,5,5,,,44545000,2080000,46625000
87,p16:r15,office,16,2,Quezon 3rd District Engineering Office,,p16:r1,p16:r1,5,5,,,47391000,2080000,49471000
88,p16:r16,office,16,2,Quezon 4th District Engineering Office,,p16:r1,p16:r1,5,5,,,47695000,2080000,49775000
89,p16:r17,office,16,2,Rizal 1st District Engineering Office,,p16:r1,p16:r1,5,5,,,35697000,2080000,37777000
90,p16:r18,office,16,2,Rizal 2nd District Engineering Office,,p16:r1,p16:r1,5,5,,,32532000,2080000,34612000
91,p16:r19,region,16,1,Region IVB - MIMAROPA,,p13:r1,p13:r1,4,4,,,438817000,40959000,479776000
92,p16:r20,office,16,2,MIMAROPA Regional Office - Proper,,p16:r19,p16:r19,5,5,,,95295000,24447000,119742000
93,p16:r21,office,16,2,Marinduque District Engineering Office,,p16:r19,p16:r19,5,5,,,35643000,2064000,37707000
94,p16:r22,office,16,2,Mindoro Occidental District Engineering Office,,p16:r19,p16:r19,5,5,,,47228000,2064000,49292000
95,p16:r23,office,16,2,Mindoro Oriental District Engineering Office,,p16:r19,p16:r19,5,5,,,33892000,2064000,35956000
96,p16:r24,office,16,2,Palawan 1st District Engineering Office,,p16:r19,p16:r19,5,5,,,43414000,2064000,45478000
97,p17:r0,office,17,2,Palawan 2nd District Engineering Office,,p16:r19,p16:r19,5,5,,,47722000,2064000,49786000
98,p17:r1,office,17,2,Palawan 3rd District Engineering Office,,p16:r19,p16:r19,5,5,,,44257000,2064000,46321000
99,p17:r2,office,17,2,Romblon District Engineering Office,,p16:r19,p16:r19,5,5,,,45156000,2064000,47220000
100,p17:r3,office,17,2,Southern Mindoro District Engineering Office,,p16:r19,p16:r19,5,5,,,46210000,2064000,48274000
101,p17:r4,region,17,1,Region V - Bicol,,p13:r1,p13:r1,4,4,,,701751000,55511000,757262000
102,p17:r5,office,17,2,Regional Office V - Proper,,p17:r4,p17:r4,5,5,,,93453000,24491000,117944000
103,p17:r6,office,17,2,Albay 1st District Engineering Office,,p17:r4,p17:r4,5,5,,,35791000,2068000,37859000
104,p17:r7,office,17,2,Albay 2nd District Engineering Office,,p17:r4,p17:r4,5,5,,,37984000,2068000,40052000
105,p17:r8,office,17,2,Albay 3rd District Engineering Office,,p17:r4,p17:r4,5,5,,,35802000,2068000,37870000
106,p17:r9,office,17,2,Camarines Norte District Engineering Office,,p17:r4,p17:r4,5,5,,,48810000,2068000,50878000
107,p17:r10,office,17,2,Camarines Sur 1st District Engineering Office,,p17:r4,p17:r4,5,5,,,36794000,2068000,38862000
108,p17:r11,office,17,2,Camarines Sur 2nd District Engineering Office,,p17:r4,p17:r4,5,5,,,34534000,2068000,36602000
109,p17:r12,office,17,2,Camarines Sur 3rd District Engineering Office,,p17:r4,p17:r4,5,5,,,36985000,2068000,39053000
110,p17:r13,office,17,2,Camarines Sur 4th District Engineering Office,,p17:r4,p17:r4,5,5,,,46903000,2068000,48971000
111,p17:r14,office,17,2,Camarines Sur 5th District Engineering Office,,p17:r4,p17:r4,5,5,,,36169000,2068000,38237000
112,p17:r15,office,17,2,Catanduanes District Engineering Office,,p17:r4,p17:r4,5,5,,,47280000,2068000,49348000
113,p17:r16,office,17,2,Masbate 1st District Engineering Office,,p17:r4,p17:r4,5,5,,,37143000,2068000,39211000
114,p17:r17,office,17,2,Masbate 2nd District Engineering Office,,p17:r4,p17:r4,5,5,,,44781000,2068000,46849000
115,p17:r18,office,17,2,Masbate 3rd District Engineering Office,,p17:r4,p17:r4,5,5,,,45352000,2068000,47420000
116,p17:r19,office,17,2,Sorsogon 2nd District Engineering Office,,p17:r4,p17:r4,5,5,,,36972000,2068000,39040000
117,p17:r20,office,17,2,Sorsogon District Engineering Office,,p17:r4,p17:r4,5,5,,,46998000,2068000,49066000
118,p17:r21,region,17,1,Region VI - Western Visayas,,p13:r1,p13:r1,4,4,,,535603000,47227000,582830000
119,p17:r22,office,17,2,Regional Office VI - Proper,,p17:r21,p17:r21,5,5,,,93966000,24495000,118461000
120,p17:r23,office,17,2,Aklan District Engineering Office,,p17:r21,p17:r21,5,5,,,46141000,2085000,48226000
121,p18:r0,office,18,2,Antique District Engineering Office,,p17:r21,p17:r21,5,5,,,44184000,2085000,46269000
122,p18:r1,office,18,2,Capiz 1st District Engineering Office,,p17:r21,p17:r21,5,5,,,31504000,2085000,33589000
123,p18:r2,office,18,2,Capiz 2nd District Engineering Office,,p17:r21,p17:r21,5,5,,,41884000,2085000,43969000
124,p18:r3,office,18,2,Guimaras District Engineering Office,,p17:r21,p17:r21,5,5,,,35354000,2085000,37439000
125,p18:r4,office,18,2,Iloilo 1st District Engineering Office,,p17:r21,p17:r21,5,5,,,33567000,2085000,35652000
126,p18:r5,office,18,2,Iloilo 2nd District Engineering Office,,p17:r21,p17:r21,5,5,,,47076000,2085000,49161000
127,p18:r6,office,18,2,Iloilo 3rd District Engineering Office,,p17:r21,p17:r21,5,5,,,43903000,2085000,45988000
128,p18:r7,office,18,2,Iloilo 4th District Engineering Office,,p17:r21,p17:r21,5,5,,,36724000,2085000,38809000
129,p18:r8,office,18,2,Iloilo 6th District Engineering Office,,p17:r21,p17:r21,5,5,,,45075000,1882000,46957000
130,p18:r9,office,18,2,Iloilo City District Engineering Office,,p17:r21,p17:r21,5,5,,,36225000,2085000,38310000
131,p18:r10,region,18,1,Negros Island Region (NIR),,p13:r1,p13:r1,4,4,,,424728000,20676000,445404000
132,p18:r11,office,18,2,Regional Office NIR - Proper,,p18:r10,p18:r10,5,5,,,50527000,,50527000
133,p18:r12,office,18,2,Bacolod City District Engineering Office,,p18:r10,p18:r10,5,5,,,38894000,2085000,40979000
134,p18:r13,office,18,2,Negros Occidental 1st District Engineering Office,,p18:r10,p18:r10,5,5,,,50887000,2085000,52972000
135,p18:r14,office,18,2,Negros Occidental 2nd District Engineering Office,,p18:r10,p18:r10,5,5,,,37960000,2085000,40045000
136,p18:r15,office,18,2,Negros Occidental 3rd District Engineering Office,,p18:r10,p18:r10,5,5,,,47871000,2085000,49956000
137,p18:r16,office,18,2,Negros Occidental 4th District Engineering Office,,p18:r10,p18:r10,5,5,,,38363000,2085000,40448000
138,p18:r17,office,18,2,Negros Occidental 5th District Engineering Office,,p18:r10,p18:r10,5,5,,,,1891000,1891000
139,p18:r18,office,18,2,Negros Oriental 1st District Engineering Office,,p18:r10,p18:r10,5,5,,,38785000,2090000,40875000
140,p18:r19,office,18,2,Negros Oriental 2nd District Engineering Office,,p18:r10,p18:r10,5,5,,,39880000,2090000,41970000
141,p18:r20,office,18,2,Negros Oriental 3rd District Engineering Office,,p18:r10,p18:r10,5,5,,,46676000,2090000,48766000
142,p18:r21,office,18,2,Siquijor District Engineering Office,,p18:r10,p18:r10,5,5,,,34885000,2090000,36975000
143,p19:r0,region,19,1,Region VII - Central Visayas,,p13:r1,p13:r1,4,4,,,504256000,47509000,551765000
144,p19:r1,office,19,2,Regional Office VII - Proper,,p19:r0,p19:r0,5,5,,,102612000,24519000,127131000
145,p19:r2,office,19,2,Bohol 1st District Engineering Office,,p19:r0,p19:r0,5,5,,,43948000,2090000,46038000
146,p19:r3,office,19,2,Bohol 2nd District Engineering Office,,p19:r0,p19:r0,5,5,,,35528000,2090000,37618000
147,p19:r4,office,19,2,Bohol 3rd District Engineering Office,,p19:r0,p19:r0,5,5,,,42484000,2090000,44574000
148,p19:r5,office,19,2,Cebu 1st District Engineering Office,,p19:r0,p19:r0,5,5,,,35988000,2090000,38078000
149,p19:r6,office,19,2,Cebu 2nd District Engineering Office,,p19:r0,p19:r0,5,5,,,35006000,2090000,37096000
150,p19:r7,office,19,2,Cebu 3rd District Engineering Office,,p19:r0,p19:r0,5,5,,,32906000,2090000,34996000
151,p19:r8,office,19,2,Cebu 4th District Engineering Office,,p19:r0,p19:r0,5,5,,,36316000,2090000,38406000
152,p19:r9,office,19,2,Cebu 5th District Engineering Office,,p19:r0,p19:r0,5,5,,,36812000,2090000,38902000
153,p19:r10,office,19,2,Cebu 6th District Engineering Office,,p19:r0,p19:r0,5,5,,,35086000,2090000,37176000
154,p19:r11,office,19,2,Cebu 7th District Engineering Office,,p19:r0,p19:r0,5,5,,,32364000,2090000,34454000
155,p19:r12,office,19,2,Cebu City District Engineering Office,,p19:r0,p19:r0,5,5,,,35206000,2090000,37296000
156,p19:r13,region,19,1,Region VIII - Eastern Visayas,,p13:r1,p13:r1,4,4,,,701558000,53783000,755341000
157,p19:r14,office,19,2,Regional Office VIII - Proper,,p19:r13,p19:r13,5,5,,,118223000,24518000,142741000
158,p19:r15,office,19,2,Biliran District Engineering Office,,p19:r13,p19:r13,5,5,,,38092000,2105000,40197000
159,p19:r16,office,19,2,Eastern Samar District Engineering Office,,p19:r13,p19:r13,5,5,,,49616000,2105000,51721000
160,p19:r17,office,19,2,Leyte 1st District Engineering Office,,p19:r13,p19:r13,5,5,,,34595000,2105000,36700000
161,p19:r18,office,19,2,Leyte 2nd District Engineering Office,,p19:r13,p19:r13,5,5,,,45644000,2105000,47749000
162,p19:r19,office,19,2,Leyte 3rd District Engineering Office,,p19:r13,p19:r13,5,5,,,37398000,2105000,39503000
163,p19:r20,office,19,2,Leyte 4th District Engineering Office,,p19:r13,p19:r13,5,5,,,48002000,2105000,50107000
164,p19:r21,office,19,2,Leyte 5th District Engineering Office,,p19:r13,p19:r13,5,5,,,47552000,2105000,49657000
165,p19:r22,office,19,2,Northern Samar 1st District Engineering Office,,p19:r13,p19:r13,5,5,,,46699000,2105000,48804000
166,p19:r23,office,19,2,Northern Samar 2nd District Engineering Office,,p19:r13,p19:r13,5,5,,,37340000,2105000,39445000
167,p19:r24,office,19,2,Samar 1st District Engineering Office,,p19:r13,p19:r13,5,5,,,48039000,2105000,50144000
168,p20:r0,office,20,2,Samar 2nd District Engineering Office,,p19:r13,p19:r13,5,5,,,40460000,2105000,42565000
169,p20:r1,office,20,2,Southern Leyte 1st District Engineering Office,,p19:r13,p19:r13,5,5,,,40745000,2105000,42850000
170,p20:r2,office,20,2,Southern Leyte 2nd District Engineering Office,,p19:r13,p19:r13,5,5,,,35818000,1900000,37718000
171,p20:r3,office,20,2,Tacloban City District Engineering Office,,p19:r13,p19:r13,5,5,,,33335000,2105000,35440000
172,p20:r4,region,20,1,Region IX - Zamboanga Peninsula,,p13:r1,p13:r1,4,4,,,551910000,46148000,598058000
173,p20:r5,office,20,2,Regional Office IX - Proper,,p20:r4,p20:r4,5,5,,,137905000,23361000,161266000
174,p20:r6,office,20,2,Isabela City District Engineering Office,,p20:r4,p20:r4,5,5,,,22300000,2090000,24390000
175,p20:r7,office,20,2,Zamboanga City 1st District Engineering Office,,p20:r4,p20:r4,5,5,,,35261000,1887000,37148000
176,p20:r8,office,20,2,Zamboanga City 2nd District Engineering Office,,p20:r4,p20:r4,5,5,,,35406000,2090000,37496000
177,p20:r9,office,20,2,Zamboanga del Norte 1st District Engineering Office,,p20:r4,p20:r4,5,5,,,45653000,2090000,47743000
178,p20:r10,office,20,2,Zamboanga del Norte 2nd District Engineering Office,,p20:r4,p20:r4,5,5,,,36588000,2090000,38678000
179,p20:r11,office,20,2,Zamboanga del Norte 3rd District Engineering Office,,p20:r4,p20:r4,5,5,,,33446000,2090000,35536000
180,p20:r12,office,20,2,Zamboanga del Norte 4th District Engineering Office,,p20:r4,p20:r4,5,5,,,34226000,2090000,36316000
181,p20:r13,office,20,2,Zamboanga del Sur 1st District Engineering Office,,p20:r4,p20:r4,5,5,,,46405000,2090000,48495000
182,p20:r14,office,20,2,Zamboanga del Sur 2nd District Engineering Office,,p20:r4,p20:r4,5,5,,,46610000,2090000,48700000
183,p20:r15,office,20,2,Zamboanga Sibugay 1st District Engineering Office,,p20:r4,p20:r4,5,5,,,42953000,2090000,45043000
184,p20:r16,office,20,2,Zamboanga Sibugay 2nd District Engineering Office,,p20:r4,p20:r4,5,5,,,35157000,2090000,37247000
185,p20:r17,region,20,1,Region X - Northern Mindanao,,p13:r1,p13:r1,4,4,,,646070000,52710000,698780000
186,p20:r18,office,20,2,Regional Office X - Proper,,p20:r17,p20:r17,5,5,,,91371000,24516000,115887000
187,p20:r19,office,20,2,Bukidnon 1st District Engineering Office,,p20:r17,p20:r17,5,5,,,45270000,2028000,47298000
188,p20:r20,office,20,2,Bukidnon 2nd District Engineering Office,,p20:r17,p20:r17,5,5,,,46820000,2028000,48848000
189,p20:r21,office,20,2,Bukidnon 3rd District Engineering Office,,p20:r17,p20:r17,5,5,,,45482000,2028000,47510000
190,p21:r0,office,21,2,Bukidnon 4th District Engineering Office,,p20:r17,p20:r17,5,5,,,36011000,1830000,37841000
191,p21:r1,office,21,2,Cagayan de Oro City 1st District Engineering Office,,p20:r17,p20:r17,5,5,,,28295000,2028000,30323000
192,p21:r2,office,21,2,Cagayan de Oro City 2nd District Engineering Office,,p20:r17,p20:r17,5,5,,,27998000,2028000,30026000
193,p21:r3,office,21,2,Camiguin District Engineering Office,,p20:r17,p20:r17,5,5,,,28887000,2028000,30915000
194,p21:r4,office,21,2,Iligan City District Engineering Office,,p20:r17,p20:r17,5,5,,,36601000,2028000,38629000
195,p21:r5,office,21,2,Lanao del Norte 1st District Engineering Office,,p20:r17,p20:r17,5,5,,,47626000,2028000,49654000
196,p21:r6,office,21,2,Lanao del Norte 2nd District Engineering Office,,p20:r17,p20:r17,5,5,,,42899000,2028000,44927000
197,p21:r7,office,21,2,Misamis Occidental 2nd District Engineering Office,,p20:r17,p20:r17,5,5,,,35909000,2028000,37937000
198,p21:r8,office,21,2,Misamis Occidental District Engineering Office,,p20:r17,p20:r17,5,5,,,37881000,2028000,39909000
199,p21:r9,office,21,2,Misamis Oriental 1st District Engineering Office,,p20:r17,p20:r17,5,5,,,47606000,2028000,49634000
200,p21:r10,office,21,2,Misamis Oriental 2nd District Engineering Office,,p20:r17,p20:r17,5,5,,,47414000,2028000,49442000
201,p21:r11,region,21,1,Region XI - Davao,,p13:r1,p13:r1,4,4,,,608091000,47157000,655248000
202,p21:r12,office,21,2,Regional Office XI - Proper,,p21:r11,p21:r11,5,5,,,127314000,24509000,151823000
203,p21:r13,office,21,2,Davao City 2nd District Engineering Office,,p21:r11,p21:r11,5,5,,,44007000,2096000,46103000
204,p21:r14,office,21,2,Davao City 3rd District Engineering Office,,p21:r11,p21:r11,5,5,,,36815000,1892000,38707000
205,p21:r15,office,21,2,Davao City District Engineering Office,,p21:r11,p21:r11,5,5,,,41557000,2096000,43653000
206,p21:r16,office,21,2,Davao de Oro 1st District Engineering Office,,p21:r11,p21:r11,5,5,,,44759000,2096000,46855000
207,p21:r17,office,21,2,Davao de Oro 2nd District Engineering Office,,p21:r11,p21:r11,5,5,,,47565000,2096000,49661000
208,p21:r18,office,21,2,Davao del Norte 2nd District Engineering Office,,p21:r11,p21:r11,5,5,,,37233000,1892000,39125000
209,p21:r19,office,21,2,Davao del Norte District Engineering Office,,p21:r11,p21:r11,5,5,,,47819000,2096000,49915000
210,p21:r20,office,21,2,Davao del Sur District Engineering Office,,p21:r11,p21:r11,5,5,,,44779000,2096000,46875000
211,p22:r0,office,22,2,Davao Occidental District Engineering Office,,p21:r11,p21:r11,5,5,,,43636000,2096000,45732000
212,p22:r1,office,22,2,Davao Oriental 1st District Engineering Office,,p21:r11,p21:r11,5,5,,,45549000,2096000,47645000
213,p22:r2,office,22,2,Davao Oriental 2nd District Engineering Office,,p21:r11,p21:r11,5,5,,,47058000,2096000,49154000
214,p22:r3,region,22,1,Region XII - SOCCSKSARGEN,,p13:r1,p13:r1,4,4,,,468856000,40953000,509809000
215,p22:r4,office,22,2,Regional Office XII - Proper,,p22:r3,p22:r3,5,5,,,97616000,24465000,122081000
216,p22:r5,office,22,2,Cotabato 1st District Engineering Office,,p22:r3,p22:r3,5,5,,,46250000,2061000,48311000
217,p22:r6,office,22,2,Cotabato 2nd District Engineering Office,,p22:r3,p22:r3,5,5,,,48511000,2061000,50572000
218,p22:r7,office,22,2,Cotabato 3rd District Engineering Office,,p22:r3,p22:r3,5,5,,,49194000,2061000,51255000
219,p22:r8,office,22,2,Sarangani District Engineering Office,,p22:r3,p22:r3,5,5,,,46997000,2061000,49058000
220,p22:r9,office,22,2,South Cotabato 1st District Engineering Office,,p22:r3,p22:r3,5,5,,,48267000,2061000,50328000
221,p22:r10,office,22,2,South Cotabato 2nd District Engineering Office,,p22:r3,p22:r3,5,5,,,46861000,2061000,48922000
222,p22:r11,office,22,2,Sultan Kudarat 1st District Engineering Office,,p22:r3,p22:r3,5,5,,,36918000,2061000,38979000
223,p22:r12,office,22,2,Sultan Kudarat 2nd District Engineering Office,,p22:r3,p22:r3,5,5,,,48242000,2061000,50303000
224,p22:r13,region,22,1,Region XIII - CARAGA,,p13:r1,p13:r1,4,4,,,462020000,43135000,505155000
225,p22:r14,office,22,2,Regional Office XIII - Proper,,p22:r13,p22:r13,5,5,,,101947000,24523000,126470000
226,p22:r15,office,22,2,Agusan del Norte District Engineering Office,,p22:r13,p22:r13,5,5,,,37291000,2068000,39359000
227,p22:r16,office,22,2,Agusan del Sur 1st District Engineering Office,,p22:r13,p22:r13,5,5,,,46151000,2068000,48219000
228,p22:r17,office,22,2,Agusan del Sur 2nd District Engineering Office,,p22:r13,p22:r13,5,5,,,48220000,2068000,50288000
229,p22:r18,office,22,2,Butuan City District Engineering Office,,p22:r13,p22:r13,5,5,,,36070000,2068000,38138000
230,p22:r19,office,22,2,Dinagat Islands District Engineering Office,,p22:r13,p22:r13,5,5,,,35284000,2068000,37352000
231,p22:r20,office,22,2,Surigao del Norte 1st District Engineering Office,,p22:r13,p22:r13,5,5,,,36471000,2068000,38539000
232,p22:r21,office,22,2,Surigao del Norte 2nd District Engineering Office,,p22:r13,p22:r13,5,5,,,38828000,2068000,40896000
233,p23:r0,office,23,2,Surigao del Sur 1st District Engineering Office,,p22:r13,p22:r13,5,5,,45918000,2068000,,47986000
234,p23:r1,office,23,2,Surigao del Sur 2nd District Engineering Office,,p22:r13,p22:r13,5,5,,35840000,2068000,,37908000
235,p23:r2,activity,23,1,Administration of Personnel Benefits,100000100002000,p13:r0,p13:r0,3,3,1,581691000,,,581691000
236,p23:r3,region,23,1,National Capital Region (NCR),,p23:r2,p23:r2,4,4,,581691000,,,581691000
237,p23:r4,office,23,2,Central Office,,p23:r3,p23:r3,5,5,,581691000,,,581691000
238,p23:r5,subtotal,23,,"Sub-total, General Administration and Support",,p13:r0,p13:r0,3,3,,13794990000,1505758000,2777545000,18078293000
239,p23:r6,program,23,1,Support to Operations,200000000000000,p13:ph13,p13:ph13,2,2,0,1127307000,23179988000,27302353000,51609648000
240,p23:r7,activity,23,1,Design of Public Works and Highways Projects,200000100001000,p23:r6,p23:r6,3,3,1,85254000,13504000,,98758000
241,p23:r8,region,23,1,National Capital Region (NCR),,p23:r7,p23:r7,4,4,,85254000,13504000,,98758000
242,p23:r9,office,23,2,Central Office,,p23:r8,p23:r8,5,5,,85254000,13504000,,98758000
243,p23:r10,activity,23,1,"Preparation of Manuals for Construction, Rehabilitation and Improvement of Infrastructure Facilities",200000100002000,p23:r6,p23:r6,3,3,1,114932000,10737000,,125669000
244,p23:r11,region,23,1,National Capital Region (NCR),,p23:r10,p23:r10,4,4,,114932000,10737000,,125669000
245,p23:r12,office,23,2,Central Office,,p23:r11,p23:r11,5,5,,114932000,10737000,,125669000
246,p23:r13,activity,23,1,Management of Construction and Maintenance Equipment and Ancillary Facilities,200000100003000,p23:r6,p23:r6,3,3,1,58606000,154539000,,213145000
247,p23:r14,region,23,1,National Capital Region (NCR),,p23:r13,p23:r13,4,4,,58606000,154539000,,213145000
248,p23:r15,office,23,2,Central Office,,p23:r14,p23:r14,5,5,,58606000,154539000,,213145000
249,p23:r16,activity,23,1,"Infrastructure Research, Quality Control and Management, Ancillary Facilities",200000100004000,p23:r6,p23:r6,3,3,1,121993000,57829000,,179822000
250,p23:r17,region,23,1,National Capital Region (NCR),,p23:r16,p23:r16,4,4,,121993000,57829000,,179822000
251,p23:r18,office,23,2,Central Office,,p23:r17,p23:r17,5,5,,121993000,57829000,,179822000
252,p23:r19,activity,23,1,"Maintenance, Repair and Rehabilitation of Infrastructure Facilities and Other Related Activities Bureau Proper",200000100005000,p23:r6,p23:r6,3,3,1,66307000,26595000,,92902000
253,p23:r20,region,23,1,National Capital Region (NCR),,p23:r19,p23:r19,4,4,,66307000,26595000,,92902000
254,p23:r21,office,23,2,Central Office,,p23:r20,p23:r20,5,5,,66307000,26595000,,92902000
255,p23:r22,activity,23,1,"Maintenance, Repair and Rehabilitation of Infrastructure Facilities and Other Related Activities Operation of Weighbridge Stations and ATOME",200000100006000,p23:r6,p23:r6,3,3,1,,296075000,,296075000
256,p23:r23,region,23,1,National Capital Region (NCR),,p23:r22,p23:r22,4,4,,,296075000,,296075000
257,p23:r24,office,23,2,Central Office,,p23:r23,p23:r23,5,5,,,296075000,,296075000
258,p24:r0,activity,24,1,"Maintenance, Repair and Rehabilitation of Infrastructure Facilities and Other Related Activities Routine Maintenance of National Roads",200000100017000,p23:r6,p23:r6,3,3,1,,,11610491000,11610491000
259,p24:r1,region,24,1,National Capital Region (NCR),,p24:r0,p24:r0,4,4,,,,11610491000,11610491000
260,p24:r2,office,24,2,Central Office,,p24:r1,p24:r1,5,5,,,,11610491000,11610491000
261,p24:r3,activity,24,1,"Maintenance, Repair and Rehabilitation of Infrastructure Facilities and Other Related Activities Routine Maintenance of National Bridges",200000100018000,p23:r6,p23:r6,3,3,1,,,1603842000,1603842000
262,p24:r4,region,24,1,National Capital Region (NCR),,p24:r3,p24:r3,4,4,,,,1603842000,1603842000
263,p24:r5,office,24,2,Central Office,,p24:r4,p24:r4,5,5,,,,1603842000,1603842000
264,p24:r6,activity,24,1,"Maintenance, Repair and Rehabilitation of Infrastructure Facilities Public Buildings",200000100019000,p23:r6,p23:r6,3,3,1,,,1679027000,1679027000
265,p24:r7,region,24,1,National Capital Region (NCR),,p24:r6,p24:r6,4,4,,,,1679027000,1679027000
266,p24:r8,office,24,2,Central Office,,p24:r7,p24:r7,5,5,,,,1679027000,1679027000
267,p24:r9,activity,24,1,"Maintenance, Repair and Rehabilitation of Infrastructure Facilities Flood Control and Drainage Systems, Structures and Related Facilities",200000100020000,p23:r6,p23:r6,3,3,1,,,3917888000,3917888000
268,p24:r10,region,24,1,National Capital Region (NCR),,p24:r9,p24:r9,4,4,,,,3917888000,3917888000
269,p24:r11,office,24,2,Central Office,,p24:r10,p24:r10,5,5,,,,3917888000,3917888000
270,p24:r12,activity,24,1,"Maintenance, Repair and Rehabilitation of Infrastructure Facilities and Other Related Activities Maintenance, Services for Automated Traffic Data Collection Program",200000100023000,p23:r6,p23:r6,3,3,1,,,246770000,246770000
271,p24:r13,region,24,1,National Capital Region (NCR),,p24:r12,p24:r12,4,4,,,,246770000,246770000
272,p24:r14,office,24,2,Central Office,,p24:r13,p24:r13,5,5,,,,246770000,246770000
273,p24:r15,activity,24,1,"Regional Support (Planning and Design, Construction, Maintenance and Material Quality Control and Hydrology Division)",200000100024000,p23:r6,p23:r6,3,3,1,,493027000,7313000,500340000
274,p24:r16,region,24,1,National Capital Region (NCR),,p24:r15,p24:r15,4,4,,,39247000,458000,39705000
275,p24:r17,office,24,2,NCR Regional Office - Proper,,p24:r16,p24:r16,5,5,,,39247000,458000,39705000
276,p24:r18,region,24,1,Region I - Ilocos,,p24:r15,p24:r15,4,4,,,12064000,457000,12521000
277,p24:r19,office,24,2,Regional Office I - Proper,,p24:r18,p24:r18,5,5,,,12064000,457000,12521000
278,p24:r20,region,24,1,Cordillera Administrative Region (CAR),,p24:r15,p24:r15,4,4,,,51877000,457000,52334000
279,p24:r21,office,24,2,Regional Office CAR - Proper,,p24:r20,p24:r20,5,5,,,51877000,457000,52334000
280,p24:r22,region,24,1,Region II - Cagayan Valley,,p24:r15,p24:r15,4,4,,,40293000,457000,40750000
281,p24:r23,office,24,2,Regional Office II - Proper,,p24:r22,p24:r22,5,5,,,40293000,457000,40750000
282,p25:r0,region,25,1,Region III - Central Luzon,,p24:r15,p24:r15,4,4,,,,457000,457000
283,p25:r1,office,25,2,Regional Office III - Proper,,p25:r0,p25:r0,5,5,,,,457000,457000
284,p25:r2,region,25,1,Region IVA - CALABARZON,,p24:r15,p24:r15,4,4,,,35602000,457000,36059000
285,p25:r3,office,25,2,Regional Office IVA - Proper,,p25:r2,p25:r2,5,5,,,35602000,457000,36059000
286,p25:r4,region,25,1,Region IVB - MIMAROPA,,p24:r15,p24:r15,4,4,,,32697000,457000,33154000
287,p25:r5,office,25,2,MIMAROPA Regional Office - Proper,,p25:r4,p25:r4,5,5,,,32697000,457000,33154000
288,p25:r6,region,25,1,Region V - Bicol,,p24:r15,p24:r15,4,4,,,53056000,457000,53513000
289,p25:r7,office,25,2,Regional Office V - Proper,,p25:r6,p25:r6,5,5,,,53056000,457000,53513000
290,p25:r8,region,25,1,Region VI - Western Visayas,,p24:r15,p24:r15,4,4,,,39643000,457000,40100000
291,p25:r9,office,25,2,Regional Office VI - Proper,,p25:r8,p25:r8,5,5,,,39643000,457000,40100000
292,p25:r10,region,25,1,Region VII - Central Visayas,,p24:r15,p24:r15,4,4,,,29762000,457000,30219000
293,p25:r11,office,25,2,Regional Office VII - Proper,,p25:r10,p25:r10,5,5,,,29762000,457000,30219000
294,p25:r12,region,25,1,Region VIII - Eastern Visayas,,p24:r15,p24:r15,4,4,,,24030000,457000,24487000
295,p25:r13,office,25,2,Regional Office VIII - Proper,,p25:r12,p25:r12,5,5,,,24030000,457000,24487000
296,p25:r14,region,25,1,Region IX - Zamboanga Peninsula,,p24:r15,p24:r15,4,4,,,,457000,457000
297,p25:r15,office,25,2,Regional Office IX - Proper,,p25:r14,p25:r14,5,5,,,,457000,457000
298,p25:r16,region,25,1,Region X - Northern Mindanao,,p24:r15,p24:r15,4,4,,,39168000,457000,39625000
299,p25:r17,office,25,2,Regional Office X - Proper,,p25:r16,p25:r16,5,5,,,39168000,457000,39625000
300,p25:r18,region,25,1,Region XI - Davao,,p24:r15,p24:r15,4,4,,,23434000,457000,23891000
301,p25:r19,office,25,2,Regional Office XI - Proper,,p25:r18,p25:r18,5,5,,,23434000,457000,23891000
302,p25:r20,region,25,1,Region XII - SOCCSKSARGEN,,p24:r15,p24:r15,4,4,,,44990000,457000,45447000
303,p25:r21,office,25,2,Regional Office XII - Proper,,p25:r20,p25:r20,5,5,,,44990000,457000,45447000
304,p25:r22,region,25,1,Region XIII - CARAGA,,p24:r15,p24:r15,4,4,,,27164000,457000,27621000
305,p25:r23,office,25,2,Regional Office XIII - Proper,,p25:r22,p25:r22,5,5,,,27164000,457000,27621000
306,p26:r0,activity,26,1,"Testing Materials Needed in Road, Bridge and Building Construction and Other Public Works Projects",200000100025000,p23:r6,p23:r6,3,3,1,,187188000,2432000,189620000
307,p26:r1,region,26,1,National Capital Region (NCR),,p26:r0,p26:r0,4,4,,,13958000,152000,14110000
308,p26:r2,office,26,2,NCR Regional Office - Proper,,p26:r1,p26:r1,5,5,,,13958000,152000,14110000
309,p26:r3,region,26,1,Region I - Ilocos,,p26:r0,p26:r0,4,4,,,,152000,152000
310,p26:r4,office,26,2,Regional Office I - Proper,,p26:r3,p26:r3,5,5,,,,152000,152000
311,p26:r5,region,26,1,Cordillera Administrative Region (CAR),,p26:r0,p26:r0,4,4,,,5950000,152000,6102000
312,p26:r6,office,26,2,Regional Office CAR - Proper,,p26:r5,p26:r5,5,5,,,5950000,152000,6102000
313,p26:r7,region,26,1,Region II - Cagayan Valley,,p26:r0,p26:r0,4,4,,,31528000,152000,31680000
314,p26:r8,office,26,2,Regional Office II - Proper,,p26:r7,p26:r7,5,5,,,31528000,152000,31680000
315,p26:r9,region,26,1,Region III - Central Luzon,,p26:r0,p26:r0,4,4,,,,152000,152000
316,p26:r10,office,26,2,Regional Office III - Proper,,p26:r9,p26:r9,5,5,,,,152000,152000
317,p26:r11,region,26,1,Region IVA - CALABARZON,,p26:r0,p26:r0,4,4,,,11249000,152000,11401000
318,p26:r12,office,26,2,Regional Office IVA - Proper,,p26:r11,p26:r11,5,5,,,11249000,152000,11401000
319,p26:r13,region,26,1,Region IVB - MIMAROPA,,p26:r0,p26:r0,4,4,,,13130000,152000,13282000
320,p26:r14,office,26,2,MIMAROPA Regional Office - Proper,,p26:r13,p26:r13,5,5,,,13130000,152000,13282000
321,p26:r15,region,26,1,Region V - Bicol,,p26:r0,p26:r0,4,4,,,17052000,152000,17204000
322,p26:r16,office,26,2,Regional Office V - Proper,,p26:r15,p26:r15,5,5,,,17052000,152000,17204000
323,p26:r17,region,26,1,Region VI - Western Visayas,,p26:r0,p26:r0,4,4,,,8791000,152000,8943000
324,p26:r18,office,26,2,Regional Office VI - Proper,,p26:r17,p26:r17,5,5,,,8791000,152000,8943000
325,p26:r19,region,26,1,Region VII - Central Visayas,,p26:r0,p26:r0,4,4,,,20011000,152000,20163000
326,p26:r20,office,26,2,Regional Office VII - Proper,,p26:r19,p26:r19,5,5,,,20011000,152000,20163000
327,p26:r21,region,26,1,Region VIII - Eastern Visayas,,p26:r0,p26:r0,4,4,,,7741000,152000,7893000
328,p26:r22,office,26,2,Regional Office VIII - Proper,,p26:r21,p26:r21,5,5,,,7741000,152000,7893000
329,p26:r23,region,26,1,Region IX - Zamboanga Peninsula,,p26:r0,p26:r0,4,4,,,,152000,152000
330,p26:r24,office,26,2,Regional Office IX - Proper,,p26:r23,p26:r23,5,5,,,,152000,152000
331,p27:r0,region,27,1,Region X - Northern Mindanao,,p26:r0,p26:r0,4,4,,17629000,152000,,17781000
332,p27:r1,office,27,2,Regional Office X - Proper,,p27:r0,p27:r0,5,5,,17629000,152000,,17781000
333,p27:r2,region,27,1,Region XI - Davao,,p26:r0,p26:r0,4,4,,8757000,152000,,8909000
334,p27:r3,office,27,2,Regional Office XI - Proper,,p27:r2,p27:r2,5,5,,8757000,152000,,8909000
335,p27:r4,region,27,1,Region XII - SOCCSKSARGEN,,p26:r0,p26:r0,4,4,,11530000,152000,,11682000
336,p27:r5,office,27,2,Regional Office XII - Proper,,p27:r4,p27:r4,5,5,,11530000,152000,,11682000
337,p27:r6,region,27,1,Region XIII - CARAGA,,p26:r0,p26:r0,4,4,,19862000,152000,,20014000
338,p27:r7,office,27,2,Regional Office XIII - Proper,,p27:r6,p27:r6,5,5,,19862000,152000,,20014000
339,p27:r8,activity,27,1,"Payments of Contractual Obligations, VAT and Other Taxes",200000100332000,p23:r6,p23:r6,3,3,1,,,1000000000,1000000000
340,p27:r9,region,27,1,National Capital Region (NCR),,p27:r8,p27:r8,4,4,,,,1000000000,1000000000
341,p27:r10,office,27,2,Central Office,,p27:r9,p27:r9,5,5,,,,1000000000,1000000000
342,p27:r11,activity,27,1,"Maintenance, Repair and Rehabilitation of Infrastructure Facilities and Other Related Activities Repair and Maintenance of Road Safety Facilities",200000100491000,p23:r6,p23:r6,3,3,1,,2309297000,,2309297000
343,p27:r12,region,27,1,National Capital Region (NCR),,p27:r11,p27:r11,4,4,,,2309297000,,2309297000
344,p27:r13,office,27,2,Central Office,,p27:r12,p27:r12,5,5,,,2309297000,,2309297000
345,p27:r14,activity,27,1,"Maintenance, Repair Rehabilitation of Infrastructure Facilities and Other Related Activities Operations / Infrastructure Planning of Infrastructure Projects",200000101319000,p23:r6,p23:r6,3,3,1,,30000000,,30000000
346,p27:r15,region,27,1,National Capital Region (NCR),,p27:r14,p27:r14,4,4,,,30000000,,30000000
347,p27:r16,office,27,2,Central Office,,p27:r15,p27:r15,5,5,,,30000000,,30000000
348,p27:r17,activity,27,1,Pre-Feasibility Study / Feasibility Study / Preliminary and Detailed Engineering,200000101460000,p23:r6,p23:r6,3,3,1,,,10578143000,10578143000
349,p27:r18,region,27,1,National Capital Region (NCR),,p27:r17,p27:r17,4,4,,,,10578143000,10578143000
350,p27:r19,office,27,2,Central Office,,p27:r18,p27:r18,5,5,,,,10578143000,10578143000
351,p27:r20,activity,27,1,Payments of,200000101461000,p23:r6,p23:r6,3,3,1,,,15724210000,15724210000
352,p27:r21,region,27,1,Right-of-Way (ROW) National Capital Region (NCR),,p27:r20,p27:r20,4,4,,,,15724210000,15724210000
353,p27:r22,office,27,2,Central Office,,p27:r21,p27:r21,5,5,,,,15724210000,15724210000
354,p27:r23,activity,27,1,Operations and Maintenance of National Hydrologic Data Collection Program (NHDCP),200000101462000,p23:r6,p23:r6,3,3,1,,47087000,,47087000
355,p27:r24,region,27,1,National Capital Region (NCR),,p27:r23,p27:r23,4,4,,,47087000,,47087000
356,p27:r25,office,27,2,Central Office,,p27:r24,p27:r24,5,5,,,47087000,,47087000
357,p28:r0,activity,28,1,"Maintenance, Repair and Rehabilitation of Infrastructure Facilities and Other Related Activities - Maintenance and Operations of Dredging and Support Equipment for By-Administration Dredging Projects",200000101560000,p23:r6,p23:r6,3,3,1,,1139412000,,1139412000
358,p28:r1,region,28,1,National Capital Region (NCR),,p28:r0,p28:r0,4,4,,,1139412000,,1139412000
359,p28:r2,office,28,2,Central Office,,p28:r1,p28:r1,5,5,,,1139412000,,1139412000
360,p28:r3,activity,28,1,"Maintenance, Repair and Rehabilitation of Infrastructure Facilities and Other Related Activities - Repair, Calibration, and Maintenance of Laboratory Equipment",200000101561000,p23:r6,p23:r6,3,3,1,,27150000,,27150000
361,p28:r4,region,28,1,National Capital Region (NCR),,p28:r3,p28:r3,4,4,,,27150000,,27150000
362,p28:r5,office,28,2,Central Office,,p28:r4,p28:r4,5,5,,,27150000,,27150000
363,p28:r6,subtotal,28,,"Sub-total, Support to Operations",,p23:r6,p23:r6,3,3,,1127307000,23179988000,27302353000,51609648000
364,p28:r7,program,28,1,Operations,300000000000000,p13:ph13,p13:ph13,2,2,0,,,440741388000,440741388000
365,p28:r8,program,28,1,ASSET PRESERVATION PROGRAM,310100000000000,p13:ph13,p28:r7,2,3,0,,,68418283000,68418283000
366,p28:r9,program,28,1,Preventive Maintenance Primary Roads,310101000000000,p13:ph13,p28:r8,2,4,0,,,13343175000,13343175000
367,p28:r10,activity,28,1,Preventive Maintenance Primary Roads,310101100238000,p28:r9,p28:r9,3,5,1,,,13343175000,13343175000
368,p28:r11,region,28,1,National Capital Region (NCR),,p28:r10,p28:r10,4,6,,,,11470327000,11470327000
369,p28:r12,office,28,2,Central Office,,p28:r11,p28:r11,5,7,,,,11449754000,11449754000
370,p28:r13,office,28,2,Quezon City 2nd District Engineering Office,,p28:r11,p28:r11,5,7,,,,20573000,20573000
371,p28:r14,region,28,1,Region I - Ilocos,,p28:r10,p28:r10,4,6,,,,105087000,105087000
372,p28:r15,office,28,2,Ilocos Norte 1st District Engineering Office,,p28:r14,p28:r14,5,7,,,,49232000,49232000
373,p28:r16,office,28,2,Ilocos Sur 2nd District Engineering Office,,p28:r14,p28:r14,5,7,,,,9659000,9659000
374,p28:r17,office,28,2,La Union 1st District Engineering Office,,p28:r14,p28:r14,5,7,,,,18000000,18000000
375,p28:r18,office,28,2,La Union 2nd District Engineering Office,,p28:r14,p28:r14,5,7,,,,8196000,8196000
376,p28:r19,office,28,2,Pangasinan 2nd District Engineering Office,,p28:r14,p28:r14,5,7,,,,20000000,20000000
377,p28:r20,region,28,1,Region II - Cagayan Valley,,p28:r10,p28:r10,4,6,,,,68486000,68486000
378,p28:r21,office,28,2,Isabela 3rd District Engineering Office,,p28:r20,p28:r20,5,7,,,,68486000,68486000
379,p28:r22,region,28,1,Region III - Central Luzon,,p28:r10,p28:r10,4,6,,,,90825000,90825000
380,p28:r23,office,28,2,Pampanga 2nd District Engineering Office,,p28:r22,p28:r22,5,7,,,,61029000,61029000
381,p28:r24,office,28,2,Tarlac District Engineering Office,,p28:r22,p28:r22,5,7,,,,29796000,29796000
382,p29:r0,region,29,1,Region IVA - CALABARZON,,p28:r10,p28:r10,4,6,,,,408136000,408136000
383,p29:r1,office,29,2,Batangas 2nd District Engineering Office,,p29:r0,p29:r0,5,7,,,,30603000,30603000
384,p29:r2,office,29,2,Batangas 4th District Engineering Office,,p29:r0,p29:r0,5,7,,,,62534000,62534000
385,p29:r3,office,29,2,Cavite District Engineering Office,,p29:r0,p29:r0,5,7,,,,84216000,84216000
386,p29:r4,office,29,2,Cavite Third District Engineering Office,,p29:r0,p29:r0,5,7,,,,112789000,112789000
387,p29:r5,office,29,2,Laguna 1st District Engineering Office,,p29:r0,p29:r0,5,7,,,,12515000,12515000
388,p29:r6,office,29,2,Laguna 2nd District Engineering Office,,p29:r0,p29:r0,5,7,,,,29416000,29416000
389,p29:r7,office,29,2,Rizal 1st District Engineering Office,,p29:r0,p29:r0,5,7,,,,66402000,66402000
390,p29:r8,office,29,2,Rizal 2nd District Engineering Office,,p29:r0,p29:r0,5,7,,,,9661000,9661000
391,p29:r9,region,29,1,Region VI - Western Visayas,,p28:r10,p28:r10,4,6,,,,56872000,56872000
392,p29:r10,office,29,2,Capiz 1st District Engineering Office,,p29:r9,p29:r9,5,7,,,,7702000,7702000
393,p29:r11,office,29,2,Iloilo 2nd District Engineering Office,,p29:r9,p29:r9,5,7,,,,30000000,30000000
394,p29:r12,office,29,2,Iloilo City District Engineering Office,,p29:r9,p29:r9,5,7,,,,19170000,19170000
395,p29:r13,region,29,1,Negros Island Region (NIR),,p28:r10,p28:r10,4,6,,,,390277000,390277000
396,p29:r14,office,29,2,Bacolod City District Engineering Office,,p29:r13,p29:r13,5,7,,,,42336000,42336000
397,p29:r15,office,29,2,Negros Occidental 2nd District Engineering Office,,p29:r13,p29:r13,5,7,,,,130675000,130675000
398,p29:r16,office,29,2,Negros Occidental 3rd District Engineering Office,,p29:r13,p29:r13,5,7,,,,9676000,9676000
399,p29:r17,office,29,2,Negros Occidental 5th District Engineering Office,,p29:r13,p29:r13,5,7,,,,160513000,160513000
400,p29:r18,office,29,2,Negros Oriental 1st District Engineering Office,,p29:r13,p29:r13,5,7,,,,47077000,47077000
401,p29:r19,region,29,1,Region VII - Central Visayas,,p28:r10,p28:r10,4,6,,,,85897000,85897000
402,p29:r20,office,29,2,Cebu 1st District Engineering Office,,p29:r19,p29:r19,5,7,,,,20828000,20828000
403,p29:r21,office,29,2,Cebu 2nd District Engineering Office,,p29:r19,p29:r19,5,7,,,,65069000,65069000
404,p29:r22,region,29,1,Region VIII - Eastern Visayas,,p28:r10,p28:r10,4,6,,,,41538000,41538000
405,p29:r23,office,29,2,Leyte 2nd District Engineering Office,,p29:r22,p29:r22,5,7,,,,13798000,13798000
406,p29:r24,office,29,2,Leyte 4th District Engineering Office,,p29:r22,p29:r22,5,7,,,,27740000,27740000
407,p30:r0,region,30,1,Region IX - Zamboanga Peninsula,,p28:r10,p28:r10,4,6,,,,239303000,239303000
408,p30:r1,office,30,2,Zamboanga del Norte 1st District Engineering Office,,p30:r0,p30:r0,5,7,,,,41324000,41324000
409,p30:r2,office,30,2,Zamboanga del Norte 2nd District Engineering Office,,p30:r0,p30:r0,5,7,,,,90295000,90295000
410,p30:r3,office,30,2,Zamboanga del Norte 3rd District Engineering Office,,p30:r0,p30:r0,5,7,,,,85813000,85813000
411,p30:r4,office,30,2,Zamboanga del Sur 1st District Engineering Office,,p30:r0,p30:r0,5,7,,,,21871000,21871000
412,p30:r5,region,30,1,Region X - Northern Mindanao,,p28:r10,p28:r10,4,6,,,,132368000,132368000
413,p30:r6,office,30,2,Cagayan de Oro City 2nd District Engineering Office,,p30:r5,p30:r5,5,7,,,,24000000,24000000
414,p30:r7,office,30,2,Lanao del Norte 2nd District Engineering Office,,p30:r5,p30:r5,5,7,,,,108368000,108368000
415,p30:r8,region,30,1,Region XI - Davao,,p28:r10,p28:r10,4,6,,,,13367000,13367000
416,p30:r9,office,30,2,Davao City 2nd District Engineering Office,,p30:r8,p30:r8,5,7,,,,13367000,13367000
417,p30:r10,region,30,1,Region XII - SOCCSKSARGEN,,p28:r10,p28:r10,4,6,,,,193186000,193186000
418,p30:r11,office,30,2,Cotabato 2nd District Engineering Office,,p30:r10,p30:r10,5,7,,,,150000000,150000000
419,p30:r12,office,30,2,Cotabato 3rd District Engineering Office,,p30:r10,p30:r10,5,7,,,,43186000,43186000
420,p30:r13,region,30,1,Region XIII - CARAGA,,p28:r10,p28:r10,4,6,,,,47506000,47506000
421,p30:r14,office,30,2,Surigao del Sur 2nd District Engineering Office,,p30:r13,p30:r13,5,7,,,,47506000,47506000
422,p30:r15,program,30,1,Preventive Maintenance Secondary Roads,310102000000000,p13:ph13,p28:r8,2,4,0,,,11678686000,11678686000
423,p30:r16,activity,30,1,Preventive Maintenance Secondary Roads,310102100373000,p30:r15,p30:r15,3,5,1,,,11678686000,11678686000
424,p30:r17,region,30,1,National Capital Region (NCR),,p30:r16,p30:r16,4,6,,,,7934058000,7934058000
425,p30:r18,office,30,2,Central Office,,p30:r17,p30:r17,5,7,,,,7828054000,7828054000
426,p30:r19,office,30,2,Las Pi ñ as-Muntinlupa District Engineering Office,,p30:r17,p30:r17,5,7,,,,40803000,40803000
427,p30:r20,office,30,2,North Manila District Engineering Office,,p30:r17,p30:r17,5,7,,,,19500000,19500000
428,p30:r21,office,30,2,Quezon City 1st District Engineering Office,,p30:r17,p30:r17,5,7,,,,22889000,22889000
429,p30:r22,office,30,2,South Manila District Engineering Office,,p30:r17,p30:r17,5,7,,,,22812000,22812000
430,p31:r0,region,31,1,Cordillera Administrative Region (CAR),,p30:r16,p30:r16,4,6,,,,79434000,79434000
431,p31:r1,office,31,2,Ifugao 2nd District Engineering Office,,p31:r0,p31:r0,5,7,,,,33744000,33744000
432,p31:r2,office,31,2,Upper Kalinga District Engineering Office,,p31:r0,p31:r0,5,7,,,,45690000,45690000
433,p31:r3,region,31,1,Region II - Cagayan Valley,,p30:r16,p30:r16,4,6,,,,49424000,49424000
434,p31:r4,office,31,2,Cagayan 2nd District Engineering Office,,p31:r3,p31:r3,5,7,,,,2500000,2500000
435,p31:r5,office,31,2,Isabela 1st District Engineering Office,,p31:r3,p31:r3,5,7,,,,46924000,46924000
436,p31:r6,region,31,1,Region III - Central Luzon,,p30:r16,p30:r16,4,6,,,,71481000,71481000
437,p31:r7,office,31,2,Bataan 1st District Engineering Office,,p31:r6,p31:r6,5,7,,,,12146000,12146000
438,p31:r8,office,31,2,Nueva Ecija 1st District Engineering Office,,p31:r6,p31:r6,5,7,,,,31268000,31268000
439,p31:r9,office,31,2,Nueva Ecija 2nd District Engineering Office,,p31:r6,p31:r6,5,7,,,,10625000,10625000
440,p31:r10,office,31,2,Tarlac District Engineering Office,,p31:r6,p31:r6,5,7,,,,17442000,17442000
441,p31:r11,region,31,1,Region IVA - CALABARZON,,p30:r16,p30:r16,4,6,,,,1463544000,1463544000
442,p31:r12,office,31,2,Batangas 2nd District Engineering Office,,p31:r11,p31:r11,5,7,,,,92805000,92805000
443,p31:r13,office,31,2,Batangas 4th District Engineering Office,,p31:r11,p31:r11,5,7,,,,172798000,172798000
444,p31:r14,office,31,2,Cavite 2nd District Engineering Office,,p31:r11,p31:r11,5,7,,,,772649000,772649000
445,p31:r15,office,31,2,Cavite District Engineering Office,,p31:r11,p31:r11,5,7,,,,159279000,159279000
446,p31:r16,office,31,2,Cavite Third District Engineering Office,,p31:r11,p31:r11,5,7,,,,79719000,79719000
447,p31:r17,office,31,2,Laguna 1st District Engineering Office,,p31:r11,p31:r11,5,7,,,,10387000,10387000
448,p31:r18,office,31,2,Laguna 2nd District Engineering Office,,p31:r11,p31:r11,5,7,,,,75133000,75133000
449,p31:r19,office,31,2,Laguna 3rd District Engineering Office,,p31:r11,p31:r11,5,7,,,,29775000,29775000
450,p31:r20,office,31,2,Quezon 1st District Engineering Office,,p31:r11,p31:r11,5,7,,,,2381000,2381000
451,p31:r21,office,31,2,Quezon 2nd District Engineering Office,,p31:r11,p31:r11,5,7,,,,32780000,32780000
452,p31:r22,office,31,2,Rizal 1st District Engineering Office,,p31:r11,p31:r11,5,7,,,,13824000,13824000
453,p31:r23,office,31,2,Rizal 2nd District Engineering Office,,p31:r11,p31:r11,5,7,,,,22014000,22014000
454,p32:r0,region,32,1,Region IVB - MIMAROPA,,p30:r16,p30:r16,4,6,,,,102544000,102544000
455,p32:r1,office,32,2,Mindoro Oriental District Engineering Office,,p32:r0,p32:r0,5,7,,,,18539000,18539000
456,p32:r2,office,32,2,Southern Mindoro District Engineering Office,,p32:r0,p32:r0,5,7,,,,84005000,84005000
457,p32:r3,region,32,1,Region V - Bicol,,p30:r16,p30:r16,4,6,,,,301698000,301698000
458,p32:r4,office,32,2,Albay 1st District Engineering Office,,p32:r3,p32:r3,5,7,,,,64548000,64548000
459,p32:r5,office,32,2,Albay 3rd District Engineering Office,,p32:r3,p32:r3,5,7,,,,67686000,67686000
460,p32:r6,office,32,2,Camarines Sur 3rd District Engineering Office,,p32:r3,p32:r3,5,7,,,,50000000,50000000
461,p32:r7,office,32,2,Camarines Sur 5th District Engineering Office,,p32:r3,p32:r3,5,7,,,,26474000,26474000
462,p32:r8,office,32,2,Masbate 3rd District Engineering Office,,p32:r3,p32:r3,5,7,,,,85265000,85265000
463,p32:r9,office,32,2,Sorsogon 2nd District Engineering Office,,p32:r3,p32:r3,5,7,,,,7725000,7725000
464,p32:r10,region,32,1,Region VI - Western Visayas,,p30:r16,p30:r16,4,6,,,,37000000,37000000
465,p32:r11,office,32,2,Iloilo 1st District Engineering Office,,p32:r10,p32:r10,5,7,,,,37000000,37000000
466,p32:r12,region,32,1,Negros Island Region (NIR),,p30:r16,p30:r16,4,6,,,,298685000,298685000
467,p32:r13,office,32,2,Bacolod City District Engineering Office,,p32:r12,p32:r12,5,7,,,,76392000,76392000
468,p32:r14,office,32,2,Negros Occidental 3rd District Engineering Office,,p32:r12,p32:r12,5,7,,,,40624000,40624000
469,p32:r15,office,32,2,Negros Oriental 1st District Engineering Office,,p32:r12,p32:r12,5,7,,,,31435000,31435000
470,p32:r16,office,32,2,Siquijor District Engineering Office,,p32:r12,p32:r12,5,7,,,,150234000,150234000
471,p32:r17,region,32,1,Region VII - Central Visayas,,p30:r16,p30:r16,4,6,,,,218176000,218176000
472,p32:r18,office,32,2,Bohol 1st District Engineering Office,,p32:r17,p32:r17,5,7,,,,14934000,14934000
473,p32:r19,office,32,2,Cebu 1st District Engineering Office,,p32:r17,p32:r17,5,7,,,,40152000,40152000
474,p32:r20,office,32,2,Cebu 5th District Engineering Office,,p32:r17,p32:r17,5,7,,,,17795000,17795000
475,p32:r21,office,32,2,Cebu 6th District Engineering Office,,p32:r17,p32:r17,5,7,,,,6578000,6578000
476,p32:r22,office,32,2,Cebu 7th District Engineering Office,,p32:r17,p32:r17,5,7,,,,58717000,58717000
477,p32:r23,office,32,2,Cebu City District Engineering Office,,p32:r17,p32:r17,5,7,,,,80000000,80000000
478,p33:r0,region,33,1,Region VIII - Eastern Visayas,,p30:r16,p30:r16,4,6,,,,177337000,177337000
479,p33:r1,office,33,2,Biliran District Engineering Office,,p33:r0,p33:r0,5,7,,,,10500000,10500000
480,p33:r2,office,33,2,Leyte 3rd District Engineering Office,,p33:r0,p33:r0,5,7,,,,8666000,8666000
481,p33:r3,office,33,2,Leyte 4th District Engineering Office,,p33:r0,p33:r0,5,7,,,,43400000,43400000
482,p33:r4,office,33,2,Northern Samar 1st District Engineering Office,,p33:r0,p33:r0,5,7,,,,12094000,12094000
483,p33:r5,office,33,2,Northern Samar 2nd District Engineering Office,,p33:r0,p33:r0,5,7,,,,102677000,102677000
484,p33:r6,region,33,1,Region IX - Zamboanga Peninsula,,p30:r16,p30:r16,4,6,,,,551103000,551103000
485,p33:r7,office,33,2,Zamboanga City 1st District Engineering Office,,p33:r6,p33:r6,5,7,,,,9500000,9500000
486,p33:r8,office,33,2,Zamboanga del Norte 1st District Engineering Office,,p33:r6,p33:r6,5,7,,,,22439000,22439000
487,p33:r9,office,33,2,Zamboanga del Norte 4th District Engineering Office,,p33:r6,p33:r6,5,7,,,,496005000,496005000
488,p33:r10,office,33,2,Zamboanga del Sur 1st District Engineering Office,,p33:r6,p33:r6,5,7,,,,23159000,23159000
489,p33:r11,region,33,1,Region XI - Davao,,p30:r16,p30:r16,4,6,,,,150000000,150000000
490,p33:r12,office,33,2,Davao del Norte District Engineering Office,,p33:r11,p33:r11,5,7,,,,150000000,150000000
491,p33:r13,region,33,1,Region XII - SOCCSKSARGEN,,p30:r16,p30:r16,4,6,,,,162668000,162668000
492,p33:r14,office,33,2,Cotabato 1st District Engineering Office,,p33:r13,p33:r13,5,7,,,,11550000,11550000
493,p33:r15,office,33,2,Cotabato 3rd District Engineering Office,,p33:r13,p33:r13,5,7,,,,73917000,73917000
494,p33:r16,office,33,2,South Cotabato 1st District Engineering Office,,p33:r13,p33:r13,5,7,,,,77201000,77201000
495,p33:r17,region,33,1,Region XIII - CARAGA,,p30:r16,p30:r16,4,6,,,,81534000,81534000
496,p33:r18,office,33,2,Dinagat Islands District Engineering Office,,p33:r17,p33:r17,5,7,,,,32920000,32920000
497,p33:r19,office,33,2,Surigao del Norte 2nd District Engineering Office,,p33:r17,p33:r17,5,7,,,,46000000,46000000
498,p33:r20,office,33,2,Surigao del Sur 2nd District Engineering Office,,p33:r17,p33:r17,5,7,,,,2614000,2614000
499,p34:r0,program,34,1,Preventive Maintenance Tertiary Roads,310103000000000,p13:ph13,p28:r8,2,4,0,,,5720057000,5720057000
500,p34:r1,activity,34,1,Preventive Maintenance Tertiary Roads,310103100406000,p34:r0,p34:r0,3,5,1,,,5720057000,5720057000
501,p34:r2,region,34,1,National Capital Region (NCR),,p34:r1,p34:r1,4,6,,,,3775563000,3775563000
502,p34:r3,office,34,2,Central Office,,p34:r2,p34:r2,5,7,,,,3712074000,3712074000
503,p34:r4,office,34,2,Las Pi ñ as-Muntinlupa District Engineering Office,,p34:r2,p34:r2,5,7,,,,21047000,21047000
504,p34:r5,office,34,2,Metro Manila 1st District Engineering Office,,p34:r2,p34:r2,5,7,,,,3562000,3562000
505,p34:r6,office,34,2,North Manila District Engineering Office,,p34:r2,p34:r2,5,7,,,,30000000,30000000
506,p34:r7,office,34,2,Quezon City 1st District Engineering Office,,p34:r2,p34:r2,5,7,,,,8880000,8880000
507,p34:r8,region,34,1,Region I - Ilocos,,p34:r1,p34:r1,4,6,,,,57911000,57911000
508,p34:r9,office,34,2,La Union 1st District Engineering Office,,p34:r8,p34:r8,5,7,,,,57911000,57911000
509,p34:r10,region,34,1,Cordillera Administrative Region (CAR),,p34:r1,p34:r1,4,6,,,,85029000,85029000
510,p34:r11,office,34,2,Lower Kalinga District Engineering Office,,p34:r10,p34:r10,5,7,,,,85029000,85029000
511,p34:r12,region,34,1,Region II - Cagayan Valley,,p34:r1,p34:r1,4,6,,,,230311000,230311000
512,p34:r13,office,34,2,Cagayan 2nd District Engineering Office,,p34:r12,p34:r12,5,7,,,,7500000,7500000
513,p34:r14,office,34,2,Isabela 3rd District Engineering Office,,p34:r12,p34:r12,5,7,,,,222811000,222811000
514,p34:r15,region,34,1,Region III - Central Luzon,,p34:r1,p34:r1,4,6,,,,222391000,222391000
515,p34:r16,office,34,2,Bulacan 2nd District Engineering Office,,p34:r15,p34:r15,5,7,,,,30636000,30636000
516,p34:r17,office,34,2,Bulacan 3rd District Engineering Office,,p34:r15,p34:r15,5,7,,,,8390000,8390000
517,p34:r18,office,34,2,Nueva Ecija 2nd District Engineering Office,,p34:r15,p34:r15,5,7,,,,22203000,22203000
518,p34:r19,office,34,2,Pampanga 2nd District Engineering Office,,p34:r15,p34:r15,5,7,,,,115483000,115483000
519,p34:r20,office,34,2,Tarlac District Engineering Office,,p34:r15,p34:r15,5,7,,,,45679000,45679000
520,p34:r21,region,34,1,Region IVA - CALABARZON,,p34:r1,p34:r1,4,6,,,,261651000,261651000
521,p34:r22,office,34,2,Cavite 2nd District Engineering Office,,p34:r21,p34:r21,5,7,,,,73410000,73410000
522,p34:r23,office,34,2,Cavite District Engineering Office,,p34:r21,p34:r21,5,7,,,,44997000,44997000
523,p34:r24,office,34,2,Cavite Third District Engineering Office,,p34:r21,p34:r21,5,7,,,,25404000,25404000
524,p35:r0,office,35,2,Laguna 3rd District Engineering Office,,p34:r21,p34:r21,5,7,,,,115422000,115422000
525,p35:r1,office,35,2,Rizal 1st District Engineering Office,,p34:r21,p34:r21,5,7,,,,2418000,2418000
526,p35:r2,region,35,1,Region V - Bicol,,p34:r1,p34:r1,4,6,,,,179488000,179488000
527,p35:r3,office,35,2,Albay 1st District Engineering Office,,p35:r2,p35:r2,5,7,,,,15622000,15622000
528,p35:r4,office,35,2,Camarines Norte District Engineering Office,,p35:r2,p35:r2,5,7,,,,26615000,26615000
529,p35:r5,office,35,2,Camarines Sur 2nd District Engineering Office,,p35:r2,p35:r2,5,7,,,,21093000,21093000
530,p35:r6,office,35,2,Masbate 3rd District Engineering Office,,p35:r2,p35:r2,5,7,,,,68887000,68887000
531,p35:r7,office,35,2,Sorsogon 2nd District Engineering Office,,p35:r2,p35:r2,5,7,,,,47271000,47271000
532,p35:r8,region,35,1,Region VI - Western Visayas,,p34:r1,p34:r1,4,6,,,,148069000,148069000
533,p35:r9,office,35,2,Capiz 2nd District Engineering Office,,p35:r8,p35:r8,5,7,,,,54162000,54162000
534,p35:r10,office,35,2,Iloilo 1st District Engineering Office,,p35:r8,p35:r8,5,7,,,,93907000,93907000
535,p35:r11,region,35,1,Negros Island Region (NIR),,p34:r1,p34:r1,4,6,,,,96832000,96832000
536,p35:r12,office,35,2,Bacolod City District Engineering Office,,p35:r11,p35:r11,5,7,,,,72301000,72301000
537,p35:r13,office,35,2,Negros Occidental 3rd District Engineering Office,,p35:r11,p35:r11,5,7,,,,17688000,17688000
538,p35:r14,office,35,2,Siquijor District Engineering Office,,p35:r11,p35:r11,5,7,,,,6843000,6843000
539,p35:r15,region,35,1,Region VII - Central Visayas,,p34:r1,p34:r1,4,6,,,,198641000,198641000
540,p35:r16,office,35,2,Cebu 2nd District Engineering Office,,p35:r15,p35:r15,5,7,,,,133893000,133893000
541,p35:r17,office,35,2,Cebu 4th District Engineering Office,,p35:r15,p35:r15,5,7,,,,7969000,7969000
542,p35:r18,office,35,2,Cebu Sth District Engineering Office,,p35:r15,p35:r15,5,7,,,,30000000,30000000
543,p35:r19,office,35,2,Cebu 6th District Engineering Office,,p35:r15,p35:r15,5,7,,,,21779000,21779000
544,p35:r20,office,35,2,Cebu City District Engineering Office,,p35:r15,p35:r15,5,7,,,,5000000,5000000
545,p35:r21,region,35,1,Region VIII - Eastern Visayas,,p34:r1,p34:r1,4,6,,,,20646000,20646000
546,p35:r22,office,35,2,Leyte 2nd District Engineering Office,,p35:r21,p35:r21,5,7,,,,7700000,7700000
547,p35:r23,office,35,2,Leyte 4th District Engineering Office,,p35:r21,p35:r21,5,7,,,,12946000,12946000
548,p36:r0,region,36,1,Region IX - Zamboanga Peninsula,,p34:r1,p34:r1,4,6,,,,98939000,98939000
549,p36:r1,office,36,2,Zamboanga City 1st District Engineering Office,,p36:r0,p36:r0,5,7,,,,46825000,46825000
550,p36:r2,office,36,2,Zamboanga del Sur 1st District Engineering Office,,p36:r0,p36:r0,5,7,,,,6782000,6782000
551,p36:r3,office,36,2,Zamboanga del Sur 2nd District Engineering Office,,p36:r0,p36:r0,5,7,,,,45332000,45332000
552,p36:r4,region,36,1,Region X - Northern Mindanao,,p34:r1,p34:r1,4,6,,,,29500000,29500000
553,p36:r5,office,36,2,Misamis Oriental 1st District Engineering Office,,p36:r4,p36:r4,5,7,,,,29500000,29500000
554,p36:r6,region,36,1,Region XII - SOCCSKSARGEN,,p34:r1,p34:r1,4,6,,,,313468000,313468000
555,p36:r7,office,36,2,Cotabato 1st District Engineering Office,,p36:r6,p36:r6,5,7,,,,79730000,79730000
556,p36:r8,office,36,2,Cotabato 2nd District Engineering Office,,p36:r6,p36:r6,5,7,,,,72696000,72696000
557,p36:r9,office,36,2,Cotabato 3rd District Engineering Office,,p36:r6,p36:r6,5,7,,,,35382000,35382000
558,p36:r10,office,36,2,South Cotabato 2nd District Engineering Office,,p36:r6,p36:r6,5,7,,,,125660000,125660000
559,p36:r11,region,36,1,Region XIII - CARAGA,,p34:r1,p34:r1,4,6,,,,1618000,1618000
560,p36:r12,office,36,2,Dinagat Islands District Engineering Office,,p36:r11,p36:r11,5,7,,,,1618000,1618000
561,p36:r13,program,36,1,Rehabilitation / Reconstruction / Upgrading of Damaged Paved Roads Primary Roads,310104000000000,p13:ph13,p28:r8,2,4,0,,,18330366000,18330366000
562,p36:r14,activity,36,1,Rehabilitation / Reconstruction / Upgrading of Damaged Paved Roads Primary Roads,310104100174000,p36:r13,p36:r13,3,5,1,,,18330366000,18330366000
563,p36:r15,region,36,1,National Capital Region (NCR),,p36:r14,p36:r14,4,6,,,,17492181000,17492181000
564,p36:r16,office,36,2,Central Office,,p36:r15,p36:r15,5,7,,,,17468500000,17468500000
565,p36:r17,office,36,2,Metro Manila 2nd District Engineering Office,,p36:r15,p36:r15,5,7,,,,23681000,23681000
566,p36:r18,region,36,1,Region I - Ilocos,,p36:r14,p36:r14,4,6,,,,85990000,85990000
567,p36:r19,office,36,2,La Union 1st District Engineering Office,,p36:r18,p36:r18,5,7,,,,44620000,44620000
568,p36:r20,office,36,2,La Union 2nd District Engineering Office,,p36:r18,p36:r18,5,7,,,,41370000,41370000
569,p36:r21,region,36,1,Region III - Central Luzon,,p36:r14,p36:r14,4,6,,,,51939000,51939000
570,p36:r22,office,36,2,Pampanga 1st District Engineering Office,,p36:r21,p36:r21,5,7,,,,44066000,44066000
571,p36:r23,office,36,2,Tarlac District Engineering Office,,p36:r21,p36:r21,5,7,,,,7873000,7873000
572,p37:r0,region,37,1,Region IVA - CALABARZON,,p36:r14,p36:r14,4,6,,,,180380000,180380000
573,p37:r1,office,37,2,Cavite Third District Engineering Office,,p37:r0,p37:r0,5,7,,,,23961000,23961000
574,p37:r2,office,37,2,Laguna 2nd District Engineering Office,,p37:r0,p37:r0,5,7,,,,1687000,1687000
575,p37:r3,office,37,2,Laguna 3rd District Engineering Office,,p37:r0,p37:r0,5,7,,,,45667000,45667000
576,p37:r4,office,37,2,Quezon 1st District Engineering Office,,p37:r0,p37:r0,5,7,,,,93000000,93000000
577,p37:r5,office,37,2,Rizal 2nd District Engineering Office,,p37:r0,p37:r0,5,7,,,,16065000,16065000
578,p37:r6,region,37,1,Negros Island Region (NIR),,p36:r14,p36:r14,4,6,,,,158284000,158284000
579,p37:r7,office,37,2,Negros Occidental 1st District Engineering Office,,p37:r6,p37:r6,5,7,,,,13535000,13535000
580,p37:r8,office,37,2,Negros Occidental 2nd District Engineering Office,,p37:r6,p37:r6,5,7,,,,1645000,1645000
581,p37:r9,office,37,2,Negros Occidental 5th District Engineering Office,,p37:r6,p37:r6,5,7,,,,70475000,70475000
582,p37:r10,office,37,2,Negros Oriental 2nd District Engineering Office,,p37:r6,p37:r6,5,7,,,,56628000,56628000
583,p37:r11,office,37,2,Negros Oriental 3rd District Engineering Office,,p37:r6,p37:r6,5,7,,,,16001000,16001000
584,p37:r12,region,37,1,Region VII - Central Visayas,,p36:r14,p36:r14,4,6,,,,149955000,149955000
585,p37:r13,office,37,2,Cebu 2nd District Engineering Office,,p37:r12,p37:r12,5,7,,,,149955000,149955000
586,p37:r14,region,37,1,Region VIII - Eastern Visayas,,p36:r14,p36:r14,4,6,,,,66127000,66127000
587,p37:r15,office,37,2,Leyte 2nd District Engineering Office,,p37:r14,p37:r14,5,7,,,,66127000,66127000
588,p37:r16,region,37,1,Region IX - Zamboanga Peninsula,,p36:r14,p36:r14,4,6,,,,63352000,63352000
589,p37:r17,office,37,2,Zamboanga del Norte 2nd District Engineering Office,,p37:r16,p37:r16,5,7,,,,60174000,60174000
590,p37:r18,office,37,2,Zamboanga del Norte 3rd District Engineering Office,,p37:r16,p37:r16,5,7,,,,3178000,3178000
591,p37:r19,region,37,1,Region X - Northern Mindanao,,p36:r14,p36:r14,4,6,,,,33048000,33048000
592,p37:r20,office,37,2,Misamis Oriental 1st District Engineering Office,,p37:r19,p37:r19,5,7,,,,33048000,33048000
593,p37:r21,region,37,1,Region XII - SOCCSKSARGEN,,p36:r14,p36:r14,4,6,,,,49110000,49110000
594,p37:r22,office,37,2,Cotabato 1st District Engineering Office,,p37:r21,p37:r21,5,7,,,,49110000,49110000
595,p38:r0,program,38,1,Rehabilitation / Reconstruction / Upgrading of Damaged Paved Roads Secondary Roads,310105000000000,p13:ph13,p28:r8,2,4,0,,,4733762000,4733762000
596,p38:r1,activity,38,1,Rehabilitation / Reconstruction / Upgrading of Damaged Paved Roads Secondary Roads,310105100326000,p38:r0,p38:r0,3,5,1,,,4733762000,4733762000
597,p38:r2,region,38,1,National Capital Region (NCR),,p38:r1,p38:r1,4,6,,,,2306987000,2306987000
598,p38:r3,office,38,2,Central Office,,p38:r2,p38:r2,5,7,,,,2215109000,2215109000
599,p38:r4,office,38,2,Metro Manila 2nd District Engineering Office,,p38:r2,p38:r2,5,7,,,,91878000,91878000
600,p38:r5,region,38,1,Region I - Ilocos,,p38:r1,p38:r1,4,6,,,,17300000,17300000
601,p38:r6,office,38,2,Ilocos Sur 2nd District Engineering Office,,p38:r5,p38:r5,5,7,,,,17300000,17300000
602,p38:r7,region,38,1,Cordillera Administrative Region (CAR),,p38:r1,p38:r1,4,6,,,,45980000,45980000
603,p38:r8,office,38,2,Apayao 2nd District Engineering Office,,p38:r7,p38:r7,5,7,,,,12742000,12742000
604,p38:r9,office,38,2,Lower Kalinga District Engineering Office,,p38:r7,p38:r7,5,7,,,,10578000,10578000
605,p38:r10,office,38,2,Upper Kalinga District Engineering Office,,p38:r7,p38:r7,5,7,,,,22660000,22660000
606,p38:r11,region,38,1,Region III - Central Luzon,,p38:r1,p38:r1,4,6,,,,2857000,2857000
607,p38:r12,office,38,2,Nueva Ecija 1st District Engineering Office,,p38:r11,p38:r11,5,7,,,,2857000,2857000
608,p38:r13,region,38,1,Region IVA - CALABARZON,,p38:r1,p38:r1,4,6,,,,428725000,428725000
609,p38:r14,office,38,2,Batangas 2nd District Engineering Office,,p38:r13,p38:r13,5,7,,,,7396000,7396000
610,p38:r15,office,38,2,Batangas 4th District Engineering Office,,p38:r13,p38:r13,5,7,,,,120316000,120316000
611,p38:r16,office,38,2,Cavite 2nd District Engineering Office,,p38:r13,p38:r13,5,7,,,,142284000,142284000
612,p38:r17,office,38,2,Cavite District Engineering Office,,p38:r13,p38:r13,5,7,,,,14183000,14183000
613,p38:r18,office,38,2,Cavite Third District Engineering Office,,p38:r13,p38:r13,5,7,,,,28154000,28154000
614,p38:r19,office,38,2,Laguna 2nd District Engineering Office,,p38:r13,p38:r13,5,7,,,,3084000,3084000
615,p38:r20,office,38,2,Laguna 3rd District Engineering Office,,p38:r13,p38:r13,5,7,,,,14455000,14455000
616,p38:r21,office,38,2,Quezon 1st District Engineering Office,,p38:r13,p38:r13,5,7,,,,89739000,89739000
617,p38:r22,office,38,2,Quezon 4th District Engineering Office,,p38:r13,p38:r13,5,7,,,,9114000,9114000
618,p38:r23,region,38,1,Region IVB - MIMAROPA,,p38:r1,p38:r1,4,6,,,,135632000,135632000
619,p38:r24,office,38,2,Marinduque District Engineering Office,,p38:r23,p38:r23,5,7,,,,9152000,9152000
620,p39:r0,office,39,2,Romblon District Engineering Office,,p38:r23,p38:r23,5,7,,,,126480000,126480000
621,p39:r1,region,39,1,Region V - Bicol,,p38:r1,p38:r1,4,6,,,,830464000,830464000
622,p39:r2,office,39,2,Albay 3rd District Engineering Office,,p39:r1,p39:r1,5,7,,,,53444000,53444000
623,p39:r3,office,39,2,Camarines Sur 1st District Engineering Office,,p39:r1,p39:r1,5,7,,,,18395000,18395000
624,p39:r4,office,39,2,Camarines Sur 4th District Engineering Office,,p39:r1,p39:r1,5,7,,,,66000000,66000000
625,p39:r5,office,39,2,Camarines Sur 5th District Engineering Office,,p39:r1,p39:r1,5,7,,,,198057000,198057000
626,p39:r6,office,39,2,Masbate 1st District Engineering Office,,p39:r1,p39:r1,5,7,,,,176468000,176468000
627,p39:r7,office,39,2,Masbate 2nd District Engineering Office,,p39:r1,p39:r1,5,7,,,,244978000,244978000
628,p39:r8,office,39,2,Masbate 3rd District Engineering Office,,p39:r1,p39:r1,5,7,,,,73122000,73122000
629,p39:r9,region,39,1,Region VI - Western Visayas,,p38:r1,p38:r1,4,6,,,,119295000,119295000
630,p39:r10,office,39,2,Aklan District Engineering Office,,p39:r9,p39:r9,5,7,,,,24348000,24348000
631,p39:r11,office,39,2,Capiz 1st District Engineering Office,,p39:r9,p39:r9,5,7,,,,1839000,1839000
632,p39:r12,office,39,2,Capiz 2nd District Engineering Office,,p39:r9,p39:r9,5,7,,,,24108000,24108000
633,p39:r13,office,39,2,Iloilo 1st District Engineering Office,,p39:r9,p39:r9,5,7,,,,69000000,69000000
634,p39:r14,region,39,1,Negros Island Region (NIR),,p38:r1,p38:r1,4,6,,,,263661000,263661000
635,p39:r15,office,39,2,Negros Occidental 3rd District Engineering Office,,p39:r14,p39:r14,5,7,,,,197153000,197153000
636,p39:r16,office,39,2,Negros Occidental 5th District Engineering Office,,p39:r14,p39:r14,5,7,,,,34259000,34259000
637,p39:r17,office,39,2,Negros Oriental 3rd District Engineering Office,,p39:r14,p39:r14,5,7,,,,30921000,30921000
638,p39:r18,office,39,2,Siquijor District Engineering Office,,p39:r14,p39:r14,5,7,,,,1328000,1328000
639,p39:r19,region,39,1,Region VII - Central Visayas,,p38:r1,p38:r1,4,6,,,,313139000,313139000
640,p39:r20,office,39,2,Bohol 1st District Engineering Office,,p39:r19,p39:r19,5,7,,,,16893000,16893000
641,p39:r21,office,39,2,Bohol 3rd District Engineering Office,,p39:r19,p39:r19,5,7,,,,160316000,160316000
642,p39:r22,office,39,2,Cebu 2nd District Engineering Office,,p39:r19,p39:r19,5,7,,,,14157000,14157000
643,p40:r0,office,40,2,Cebu 3rd District Engineering Office,,p39:r19,p39:r19,5,7,,,,24000000,24000000
644,p40:r1,office,40,2,Cebu 5th District Engineering Office,,p39:r19,p39:r19,5,7,,,,42095000,42095000
645,p40:r2,office,40,2,Cebu 7th District Engineering Office,,p39:r19,p39:r19,5,7,,,,40678000,40678000
646,p40:r3,office,40,2,Cebu City District Engineering Office,,p39:r19,p39:r19,5,7,,,,15000000,15000000
647,p40:r4,region,40,1,Region VIII - Eastern Visayas,,p38:r1,p38:r1,4,6,,,,56252000,56252000
648,p40:r5,office,40,2,Northern Samar 2nd District Engineering Office,,p40:r4,p40:r4,5,7,,,,6252000,6252000
649,p40:r6,office,40,2,Southern Leyte 1st District Engineering Office,,p40:r4,p40:r4,5,7,,,,50000000,50000000
650,p40:r7,region,40,1,Region IX - Zamboanga Peninsula,,p38:r1,p38:r1,4,6,,,,65748000,65748000
651,p40:r8,office,40,2,Zamboanga City 1st District Engineering Office,,p40:r7,p40:r7,5,7,,,,51748000,51748000
652,p40:r9,office,40,2,Zamboanga del Sur 1st District Engineering Office,,p40:r7,p40:r7,5,7,,,,14000000,14000000
653,p40:r10,region,40,1,Region XII - SOCCSKSARGEN,,p38:r1,p38:r1,4,6,,,,41011000,41011000
654,p40:r11,office,40,2,Cotabato 2nd District Engineering Office,,p40:r10,p40:r10,5,7,,,,41011000,41011000
655,p40:r12,region,40,1,Region XIII - CARAGA,,p38:r1,p38:r1,4,6,,,,106711000,106711000
656,p40:r13,office,40,2,Agusan del Sur 2nd District Engineering Office,,p40:r12,p40:r12,5,7,,,,40000000,40000000
657,p40:r14,office,40,2,Surigao del Sur 2nd District Engineering Office,,p40:r12,p40:r12,5,7,,,,66711000,66711000
658,p40:r15,program,40,1,Rehabilitation / Reconstruction / Upgrading of Damaged Paved Roads Tertiary Roads,310106000000000,p13:ph13,p28:r8,2,4,0,,,1953964000,1953964000
659,p40:r16,activity,40,1,Rehabilitation / Reconstruction / Upgrading of Damaged Paved Roads Tertiary Roads,310106100379000,p40:r15,p40:r15,3,5,1,,,1953964000,1953964000
660,p40:r17,region,40,1,National Capital Region (NCR),,p40:r16,p40:r16,4,6,,,,738018000,738018000
661,p40:r18,office,40,2,Central Office,,p40:r17,p40:r17,5,7,,,,546875000,546875000
662,p40:r19,office,40,2,Metro Manila 2nd District Engineering Office,,p40:r17,p40:r17,5,7,,,,104143000,104143000
663,p40:r20,office,40,2,Metro Manila 3rd District Engineering Office,,p40:r17,p40:r17,5,7,,,,50000000,50000000
664,p40:r21,office,40,2,North Manila District Engineering Office,,p40:r17,p40:r17,5,7,,,,37000000,37000000
665,p41:r0,region,41,1,Cordillera Administrative Region (CAR),,p40:r16,p40:r16,4,6,,,,198209000,198209000
666,p41:r1,office,41,2,Apayao 1st District Engineering Office,,p41:r0,p41:r0,5,7,,,,6398000,6398000
667,p41:r2,office,41,2,Apayao 2nd District Engineering Office,,p41:r0,p41:r0,5,7,,,,45703000,45703000
668,p41:r3,office,41,2,Lower Kalinga District Engineering Office,,p41:r0,p41:r0,5,7,,,,46253000,46253000
669,p41:r4,office,41,2,Mountain Province 2nd District Engineering Office,,p41:r0,p41:r0,5,7,,,,95205000,95205000
670,p41:r5,office,41,2,Upper Kalinga District Engineering Office,,p41:r0,p41:r0,5,7,,,,4650000,4650000
671,p41:r6,region,41,1,Region II - Cagayan Valley,,p40:r16,p40:r16,4,6,,,,77044000,77044000
672,p41:r7,office,41,2,Batanes District Engineering Office,,p41:r6,p41:r6,5,7,,,,9136000,9136000
673,p41:r8,office,41,2,Cagayan 2nd District Engineering Office,,p41:r6,p41:r6,5,7,,,,28499000,28499000
674,p41:r9,office,41,2,Isabela 3rd District Engineering Office,,p41:r6,p41:r6,5,7,,,,34999000,34999000
675,p41:r10,office,41,2,Isabela 4th District Engineering Office,,p41:r6,p41:r6,5,7,,,,4410000,4410000
676,p41:r11,region,41,1,Region III - Central Luzon,,p40:r16,p40:r16,4,6,,,,74508000,74508000
677,p41:r12,office,41,2,Bataan 1st District Engineering Office,,p41:r11,p41:r11,5,7,,,,2854000,2854000
678,p41:r13,office,41,2,Bulacan 3rd District Engineering Office,,p41:r11,p41:r11,5,7,,,,14446000,14446000
679,p41:r14,office,41,2,Pampanga 1st District Engineering Office,,p41:r11,p41:r11,5,7,,,,57208000,57208000
680,p41:r15,region,41,1,Region IVA - CALABARZON,,p40:r16,p40:r16,4,6,,,,131516000,131516000
681,p41:r16,office,41,2,Batangas 1st District Engineering Office,,p41:r15,p41:r15,5,7,,,,5000000,5000000
682,p41:r17,office,41,2,Batangas 4th District Engineering Office,,p41:r15,p41:r15,5,7,,,,9473000,9473000
683,p41:r18,office,41,2,Cavite 2nd District Engineering Office,,p41:r15,p41:r15,5,7,,,,4787000,4787000
684,p41:r19,office,41,2,Cavite District Engineering Office,,p41:r15,p41:r15,5,7,,,,8104000,8104000
685,p41:r20,office,41,2,Cavite Third District Engineering Office,,p41:r15,p41:r15,5,7,,,,11504000,11504000
686,p41:r21,office,41,2,Laguna 2nd District Engineering Office,,p41:r15,p41:r15,5,7,,,,23138000,23138000
687,p41:r22,office,41,2,Laguna 3rd District Engineering Office,,p41:r15,p41:r15,5,7,,,,47505000,47505000
688,p41:r23,office,41,2,Quezon 4th District Engineering Office,,p41:r15,p41:r15,5,7,,,,22005000,22005000
689,p42:r0,region,42,1,Region IVB - MIMAROPA,,p40:r16,p40:r16,4,6,,,,25162000,25162000
690,p42:r1,office,42,2,Mindoro Occidental District Engineering Office,,p42:r0,p42:r0,5,7,,,,20782000,20782000
691,p42:r2,office,42,2,Romblon District Engineering Office,,p42:r0,p42:r0,5,7,,,,4380000,4380000
692,p42:r3,region,42,1,Region V - Bicol,,p40:r16,p40:r16,4,6,,,,108743000,108743000
693,p42:r4,office,42,2,Camarines Norte District Engineering Office,,p42:r3,p42:r3,5,7,,,,71019000,71019000
694,p42:r5,office,42,2,Camarines Sur 3rd District Engineering Office,,p42:r3,p42:r3,5,7,,,,3524000,3524000
695,p42:r6,office,42,2,Catanduanes District Engineering Office,,p42:r3,p42:r3,5,7,,,,3280000,3280000
696,p42:r7,office,42,2,Masbate 3rd District Engineering Office,,p42:r3,p42:r3,5,7,,,,30920000,30920000
697,p42:r8,region,42,1,Region VI - Western Visayas,,p40:r16,p40:r16,4,6,,,,280937000,280937000
698,p42:r9,office,42,2,Capiz 2nd District Engineering Office,,p42:r8,p42:r8,5,7,,,,69351000,69351000
699,p42:r10,office,42,2,Iloilo 1st District Engineering Office,,p42:r8,p42:r8,5,7,,,,211586000,211586000
700,p42:r11,region,42,1,Negros Island Region (NIR),,p40:r16,p40:r16,4,6,,,,126639000,126639000
701,p42:r12,office,42,2,Negros Occidental 3rd District Engineering Office,,p42:r11,p42:r11,5,7,,,,59500000,59500000
702,p42:r13,office,42,2,Negros Occidental 5th District Engineering Office,,p42:r11,p42:r11,5,7,,,,53460000,53460000
703,p42:r14,office,42,2,Siquijor District Engineering Office,,p42:r11,p42:r11,5,7,,,,13679000,13679000
704,p42:r15,region,42,1,Region VII - Central Visayas,,p40:r16,p40:r16,4,6,,,,126089000,126089000
705,p42:r16,office,42,2,Bohol 1st District Engineering Office,,p42:r15,p42:r15,5,7,,,,46283000,46283000
706,p42:r17,office,42,2,Cebu 2nd District Engineering Office,,p42:r15,p42:r15,5,7,,,,44806000,44806000
707,p42:r18,office,42,2,Cebu City District Engineering Office,,p42:r15,p42:r15,5,7,,,,35000000,35000000
708,p42:r19,region,42,1,Region VIII - Eastern Visayas,,p40:r16,p40:r16,4,6,,,,19209000,19209000
709,p42:r20,office,42,2,Samar 1st District Engineering Office,,p42:r19,p42:r19,5,7,,,,19209000,19209000
710,p42:r21,region,42,1,Region IX - Zamboanga Peninsula,,p40:r16,p40:r16,4,6,,,,24034000,24034000
711,p42:r22,office,42,2,Zamboanga del Norte 1st District Engineering Office,,p42:r21,p42:r21,5,7,,,,24034000,24034000
712,p43:r0,region,43,1,Region XII - SOCCSKSARGEN,,p40:r16,p40:r16,4,6,,,,5878000,5878000
713,p43:r1,office,43,2,Sarangani District Engineering Office,,p43:r0,p43:r0,5,7,,,,5878000,5878000
714,p43:r2,region,43,1,Region XIII - CARAGA,,p40:r16,p40:r16,4,6,,,,17978000,17978000
715,p43:r3,office,43,2,Dinagat Islands District Engineering Office,,p43:r2,p43:r2,5,7,,,,17978000,17978000
716,p43:r4,program,43,1,"Rehabilitation / Reconstruction of Roads with Slips, Slope Collapse and Landslide Primary Roads",310107000000000,p13:ph13,p28:r8,2,4,0,,,1693051000,1693051000
717,p43:r5,activity,43,1,"Rehabilitation / Reconstruction of Roads with Slips, Slope Collapse and Landslide Primary Roads",310107100111000,p43:r4,p43:r4,3,5,1,,,1693051000,1693051000
718,p43:r6,region,43,1,National Capital Region (NCR),,p43:r5,p43:r5,4,6,,,,1449460000,1449460000
719,p43:r7,office,43,2,Central Office,,p43:r6,p43:r6,5,7,,,,1449460000,1449460000
720,p43:r8,region,43,1,Region III - Central Luzon,,p43:r5,p43:r5,4,6,,,,23053000,23053000
721,p43:r9,office,43,2,Zambales 2nd District Engineering Office,,p43:r8,p43:r8,5,7,,,,23053000,23053000
722,p43:r10,region,43,1,Region VIII - Eastern Visayas,,p43:r5,p43:r5,4,6,,,,76398000,76398000
723,p43:r11,office,43,2,Leyte 2nd District Engineering Office,,p43:r10,p43:r10,5,7,,,,7500000,7500000
724,p43:r12,office,43,2,Samar 1st District Engineering Office,,p43:r10,p43:r10,5,7,,,,60390000,60390000
725,p43:r13,office,43,2,Southern Leyte 2nd District Engineering Office,,p43:r10,p43:r10,5,7,,,,8508000,8508000
726,p43:r14,region,43,1,Region X - Northern Mindanao,,p43:r5,p43:r5,4,6,,,,33250000,33250000
727,p43:r15,office,43,2,Cagayan de Oro City 2nd District Engineering Office,,p43:r14,p43:r14,5,7,,,,33250000,33250000
728,p43:r16,region,43,1,Region XI - Davao,,p43:r5,p43:r5,4,6,,,,70890000,70890000
729,p43:r17,office,43,2,Davao City 2nd District Engineering Office,,p43:r16,p43:r16,5,7,,,,70890000,70890000
730,p43:r18,region,43,1,Region XIII - CARAGA,,p43:r5,p43:r5,4,6,,,,40000000,40000000
731,p43:r19,office,43,2,Surigao del Sur 2nd District Engineering Office,,p43:r18,p43:r18,5,7,,,,40000000,40000000
732,p43:r20,program,43,1,"Rehabilitation / Reconstruction of Roads with Slips, Slope Collapse and Landslide Secondary Roads",310108000000000,p13:ph13,p28:r8,2,4,0,,,4817064000,4817064000
733,p43:r21,activity,43,1,"Rehabilitation / Reconstruction of Roads with Slips, Slope Collapse and Landslide Secondary Roads",310108100292000,p43:r20,p43:r20,3,5,1,,,4817064000,4817064000
734,p43:r22,region,43,1,National Capital Region (NCR),,p43:r21,p43:r21,4,6,,,,2834827000,2834827000
735,p43:r23,office,43,2,Central Office,,p43:r22,p43:r22,5,7,,,,2834827000,2834827000
736,p44:r0,region,44,1,Cordillera Administrative Region (CAR),,p43:r21,p43:r21,4,6,,,,556970000,556970000
737,p44:r1,office,44,2,Apayao 1st District Engineering Office,,p44:r0,p44:r0,5,7,,,,44000000,44000000
738,p44:r2,office,44,2,Apayao 2nd District Engineering Office,,p44:r0,p44:r0,5,7,,,,39970000,39970000
739,p44:r3,office,44,2,Ifugao 2nd District Engineering Office,,p44:r0,p44:r0,5,7,,,,220181000,220181000
740,p44:r4,office,44,2,Lower Kalinga District Engineering Office,,p44:r0,p44:r0,5,7,,,,17390000,17390000
741,p44:r5,office,44,2,Mountain Province First District Engineering Office,,p44:r0,p44:r0,5,7,,,,53300000,53300000
742,p44:r6,office,44,2,Upper Kalinga District Engineering Office,,p44:r0,p44:r0,5,7,,,,182129000,182129000
743,p44:r7,region,44,1,Region IVA - CALABARZON,,p43:r21,p43:r21,4,6,,,,45000000,45000000
744,p44:r8,office,44,2,Quezon 4th District Engineering Office,,p44:r7,p44:r7,5,7,,,,45000000,45000000
745,p44:r9,region,44,1,Region IVB - MIMAROPA,,p43:r21,p43:r21,4,6,,,,374240000,374240000
746,p44:r10,office,44,2,Marinduque District Engineering Office,,p44:r9,p44:r9,5,7,,,,92550000,92550000
747,p44:r11,office,44,2,Mindoro Oriental District Engineering Office,,p44:r9,p44:r9,5,7,,,,79000000,79000000
748,p44:r12,office,44,2,Palawan 3rd District Engineering Office,,p44:r9,p44:r9,5,7,,,,153000000,153000000
749,p44:r13,office,44,2,Romblon District Engineering Office,,p44:r9,p44:r9,5,7,,,,49690000,49690000
750,p44:r14,region,44,1,Region V - Bicol,,p43:r21,p43:r21,4,6,,,,100000000,100000000
751,p44:r15,office,44,2,Masbate 2nd District Engineering Office,,p44:r14,p44:r14,5,7,,,,100000000,100000000
752,p44:r16,region,44,1,Region VI - Western Visayas,,p43:r21,p43:r21,4,6,,,,12000000,12000000
753,p44:r17,office,44,2,Iloilo 2nd District Engineering Office,,p44:r16,p44:r16,5,7,,,,12000000,12000000
754,p44:r18,region,44,1,Region VII - Central Visayas,,p43:r21,p43:r21,4,6,,,,232000000,232000000
755,p44:r19,office,44,2,Cebu 4th District Engineering Office,,p44:r18,p44:r18,5,7,,,,22000000,22000000
756,p44:r20,office,44,2,Cebu City District Engineering Office,,p44:r18,p44:r18,5,7,,,,210000000,210000000
757,p44:r21,region,44,1,Region VIII - Eastern Visayas,,p43:r21,p43:r21,4,6,,,,197700000,197700000
758,p44:r22,office,44,2,Biliran District Engineering Office,,p44:r21,p44:r21,5,7,,,,70000000,70000000
759,p44:r23,office,44,2,Leyte 3rd District Engineering Office,,p44:r21,p44:r21,5,7,,,,37000000,37000000
760,p44:r24,office,44,2,Leyte 4th District Engineering Office,,p44:r21,p44:r21,5,7,,,,10000000,10000000
761,p45:r0,office,45,2,Southern Leyte 1st District Engineering Office,,p44:r21,p44:r21,5,7,,,,80700000,80700000
762,p45:r1,region,45,1,Region X - Northern Mindanao,,p43:r21,p43:r21,4,6,,,,49000000,49000000
763,p45:r2,office,45,2,Bukidnon 1st District Engineering Office,,p45:r1,p45:r1,5,7,,,,49000000,49000000
764,p45:r3,region,45,1,Region XI - Davao,,p43:r21,p43:r21,4,6,,,,197391000,197391000
765,p45:r4,office,45,2,Davao de Oro 1st District Engineering Office,,p45:r3,p45:r3,5,7,,,,116000000,116000000
766,p45:r5,office,45,2,Davao del Norte District Engineering Office,,p45:r3,p45:r3,5,7,,,,35000000,35000000
767,p45:r6,office,45,2,Davao Occidental District Engineering Office,,p45:r3,p45:r3,5,7,,,,46391000,46391000
768,p45:r7,region,45,1,Region XII - SOCCSKSARGEN,,p43:r21,p43:r21,4,6,,,,127436000,127436000
769,p45:r8,office,45,2,Sultan Kudarat 2nd District Engineering Office,,p45:r7,p45:r7,5,7,,,,127436000,127436000
770,p45:r9,region,45,1,Region XIII - CARAGA,,p43:r21,p43:r21,4,6,,,,90500000,90500000
771,p45:r10,office,45,2,Surigao del Sur 2nd District Engineering Office,,p45:r9,p45:r9,5,7,,,,90500000,90500000
772,p45:r11,program,45,1,"Rehabilitation / Reconstruction of Roads with Slips, Slope Collapse and Landslide Tertiary Roads",310109000000000,p13:ph13,p28:r8,2,4,0,,,2932241000,2932241000
773,p45:r12,activity,45,1,"Rehabilitation / Reconstruction of Roads with Slips, Slope Collapse and Landslide Tertiary Roads",310109100260000,p45:r11,p45:r11,3,5,1,,,2932241000,2932241000
774,p45:r13,region,45,1,National Capital Region (NCR),,p45:r12,p45:r12,4,6,,,,1750265000,1750265000
775,p45:r14,office,45,2,Central Office,,p45:r13,p45:r13,5,7,,,,1750265000,1750265000
776,p45:r15,region,45,1,Region I - Ilocos,,p45:r12,p45:r12,4,6,,,,24250000,24250000
777,p45:r16,office,45,2,La Union 1st District Engineering Office,,p45:r15,p45:r15,5,7,,,,24250000,24250000
778,p45:r17,region,45,1,Cordillera Administrative Region (CAR),,p45:r12,p45:r12,4,6,,,,784780000,784780000
779,p45:r18,office,45,2,Apayao 2nd District Engineering Office,,p45:r17,p45:r17,5,7,,,,333495000,333495000
780,p45:r19,office,45,2,Ifugao 1st District Engineering Office,,p45:r17,p45:r17,5,7,,,,193426000,193426000
781,p45:r20,office,45,2,Ifugao 2nd District Engineering Office,,p45:r17,p45:r17,5,7,,,,68581000,68581000
782,p45:r21,office,45,2,Lower Kalinga District Engineering Office,,p45:r17,p45:r17,5,7,,,,53000000,53000000
783,p45:r22,office,45,2,Mountain Province 2nd District Engineering Office,,p45:r17,p45:r17,5,7,,,,136278000,136278000
784,p46:r0,region,46,1,Region II - Cagayan Valley,,p45:r12,p45:r12,4,6,,,,190000000,190000000
785,p46:r1,office,46,2,Cagayan 2nd District Engineering Office,,p46:r0,p46:r0,5,7,,,,190000000,190000000
786,p46:r2,region,46,1,Region VIII - Eastern Visayas,,p45:r12,p45:r12,4,6,,,,104946000,104946000
787,p46:r3,office,46,2,Leyte 1st District Engineering Office,,p46:r2,p46:r2,5,7,,,,26000000,26000000
788,p46:r4,office,46,2,Leyte 3rd District Engineering Office,,p46:r2,p46:r2,5,7,,,,4016000,4016000
789,p46:r5,office,46,2,Leyte 4th District Engineering Office,,p46:r2,p46:r2,5,7,,,,21000000,21000000
790,p46:r6,office,46,2,Northern Samar 1st District Engineering Office,,p46:r2,p46:r2,5,7,,,,44960000,44960000
791,p46:r7,office,46,2,Samar 1st District Engineering Office,,p46:r2,p46:r2,5,7,,,,8970000,8970000
792,p46:r8,region,46,1,Region XI - Davao,,p45:r12,p45:r12,4,6,,,,10000000,10000000
793,p46:r9,office,46,2,Davao de Oro 1st District Engineering Office,,p46:r8,p46:r8,5,7,,,,10000000,10000000
794,p46:r10,region,46,1,Region XII - SOCCSKSARGEN,,p45:r12,p45:r12,4,6,,,,23000000,23000000
795,p46:r11,office,46,2,Sarangani District Engineering Office,,p46:r10,p46:r10,5,7,,,,23000000,23000000
796,p46:r12,region,46,1,Region XIII - CARAGA,,p45:r12,p45:r12,4,6,,,,45000000,45000000
797,p46:r13,office,46,2,Butuan City District Engineering Office,,p46:r12,p46:r12,5,7,,,,45000000,45000000
798,p46:r14,program,46,1,Construction / Upgrading / Rehabilitation of Drainage along National Roads Primary Roads,310110000000000,p13:ph13,p28:r7,2,3,0,,,1651164000,1651164000
799,p46:r15,activity,46,1,Construction / Upgrading / Rehabilitation of Drainage along National Roads Primary Roads,310110100096000,p46:r14,p46:r14,3,4,1,,,1651164000,1651164000
800,p46:r16,region,46,1,National Capital Region (NCR),,p46:r15,p46:r15,4,5,,,,1203160000,1203160000
801,p46:r17,office,46,2,Central Office,,p46:r16,p46:r16,5,6,,,,1203160000,1203160000
802,p46:r18,region,46,1,Region I - Ilocos,,p46:r15,p46:r15,4,5,,,,94272000,94272000
803,p46:r19,office,46,2,Ilocos Sur 2nd District Engineering Office,,p46:r18,p46:r18,5,6,,,,41572000,41572000
804,p46:r20,office,46,2,La Union 1st District Engineering Office,,p46:r18,p46:r18,5,6,,,,52700000,52700000
805,p46:r21,region,46,1,Region III - Central Luzon,,p46:r15,p46:r15,4,5,,,,14950000,14950000
806,p46:r22,office,46,2,Pampanga 1st District Engineering Office,,p46:r21,p46:r21,5,6,,,,14950000,14950000
807,p46:r23,region,46,1,Region IVA - CALABARZON,,p46:r15,p46:r15,4,5,,,,100000000,100000000
808,p46:r24,office,46,2,Rizal 1st District Engineering Office,,p46:r23,p46:r23,5,6,,,,100000000,100000000
809,p47:r0,region,47,1,Region VI - Western Visayas,,p46:r15,p46:r15,4,5,,,,7000000,7000000
810,p47:r1,office,47,2,Iloilo City District Engineering Office,,p47:r0,p47:r0,5,6,,,,7000000,7000000
811,p47:r2,region,47,1,Region VII - Central Visayas,,p46:r15,p46:r15,4,5,,,,10000000,10000000
812,p47:r3,office,47,2,Cebu 5th District Engineering Office,,p47:r2,p47:r2,5,6,,,,10000000,10000000
813,p47:r4,region,47,1,Region VIII - Eastern Visayas,,p46:r15,p46:r15,4,5,,,,8000000,8000000
814,p47:r5,office,47,2,Leyte 4th District Engineering Office,,p47:r4,p47:r4,5,6,,,,8000000,8000000
815,p47:r6,region,47,1,Region IX - Zamboanga Peninsula,,p46:r15,p46:r15,4,5,,,,56550000,56550000
816,p47:r7,office,47,2,Zamboanga del Norte 1st District Engineering Office,,p47:r6,p47:r6,5,6,,,,8750000,8750000
817,p47:r8,office,47,2,Zamboanga del Norte 3rd District Engineering Office,,p47:r6,p47:r6,5,6,,,,47800000,47800000
818,p47:r9,region,47,1,Region X - Northern Mindanao,,p46:r15,p46:r15,4,5,,,,157232000,157232000
819,p47:r10,office,47,2,Cagayan de Oro City 2nd District Engineering Office,,p47:r9,p47:r9,5,6,,,,89000000,89000000
820,p47:r11,office,47,2,Lanao del Norte 1st District Engineering Office,,p47:r9,p47:r9,5,6,,,,29601000,29601000
821,p47:r12,office,47,2,Misamis Oriental 1st District Engineering Office,,p47:r9,p47:r9,5,6,,,,38631000,38631000
822,p47:r13,program,47,1,Construction / Upgrading / Rehabilitation of Drainage along National Roads Secondary Roads,310111000000000,p13:ph13,p46:r14,2,4,0,,,1379850000,1379850000
823,p47:r14,activity,47,1,Construction / Upgrading / Rehabilitation of Drainage along National Roads Secondary Roads,310111100143000,p47:r13,p47:r13,3,5,1,,,1379850000,1379850000
824,p47:r15,region,47,1,National Capital Region (NCR),,p47:r14,p47:r14,4,6,,,,779973000,779973000
825,p47:r16,office,47,2,Central Office,,p47:r15,p47:r15,5,7,,,,779973000,779973000
826,p47:r17,region,47,1,Region I - Ilocos,,p47:r14,p47:r14,4,6,,,,36850000,36850000
827,p47:r18,office,47,2,Ilocos Sur 2nd District Engineering Office,,p47:r17,p47:r17,5,7,,,,5000000,5000000
828,p47:r19,office,47,2,La Union 1st District Engineering Office,,p47:r17,p47:r17,5,7,,,,31850000,31850000
829,p47:r20,region,47,1,Cordillera Administrative Region (CAR),,p47:r14,p47:r14,4,6,,,,105611000,105611000
830,p47:r21,office,47,2,Ifugao 1st District Engineering Office,,p47:r20,p47:r20,5,7,,,,37566000,37566000
831,p47:r22,office,47,2,Ifugao 2nd District Engineering Office,,p47:r20,p47:r20,5,7,,,,47825000,47825000
832,p48:r0,office,48,2,Mountain Province First District Engineering Office,,p47:r20,p47:r20,5,7,,,,14720000,14720000
833,p48:r1,office,48,2,Upper Kalinga District Engineering Office,,p47:r20,p47:r20,5,7,,,,5500000,5500000
834,p48:r2,region,48,1,Region II - Cagayan Valley,,p47:r14,p47:r14,4,6,,,,11000000,11000000
835,p48:r3,office,48,2,Isabela 1st District Engineering Office,,p48:r2,p48:r2,5,7,,,,11000000,11000000
836,p48:r4,region,48,1,Region IVA - CALABARZON,,p47:r14,p47:r14,4,6,,,,28000000,28000000
837,p48:r5,office,48,2,Batangas 2nd District Engineering Office,,p48:r4,p48:r4,5,7,,,,28000000,28000000
838,p48:r6,region,48,1,Region IVB - MIMAROPA,,p47:r14,p47:r14,4,6,,,,147881000,147881000
839,p48:r7,office,48,2,Mindoro Oriental District Engineering Office,,p48:r6,p48:r6,5,7,,,,9571000,9571000
840,p48:r8,office,48,2,Southern Mindoro District Engineering Office,,p48:r6,p48:r6,5,7,,,,138310000,138310000
841,p48:r9,region,48,1,Region V - Bicol,,p47:r14,p47:r14,4,6,,,,25000000,25000000
842,p48:r10,office,48,2,Masbate 2nd District Engineering Office,,p48:r9,p48:r9,5,7,,,,25000000,25000000
843,p48:r11,region,48,1,Region VI - Western Visayas,,p47:r14,p47:r14,4,6,,,,53894000,53894000
844,p48:r12,office,48,2,Guimaras District Engineering Office,,p48:r11,p48:r11,5,7,,,,9700000,9700000
845,p48:r13,office,48,2,Iloilo 2nd District Engineering Office,,p48:r11,p48:r11,5,7,,,,44194000,44194000
846,p48:r14,region,48,1,Negros Island Region (NIR),,p47:r14,p47:r14,4,6,,,,23100000,23100000
847,p48:r15,office,48,2,Negros Occidental 3rd District Engineering Office,,p48:r14,p48:r14,5,7,,,,23100000,23100000
848,p48:r16,region,48,1,Region VII - Central Visayas,,p47:r14,p47:r14,4,6,,,,20000000,20000000
849,p48:r17,office,48,2,Cebu 5th District Engineering Office,,p48:r16,p48:r16,5,7,,,,20000000,20000000
850,p48:r18,region,48,1,Region VIII - Eastern Visayas,,p47:r14,p47:r14,4,6,,,,105516000,105516000
851,p48:r19,office,48,2,Biliran District Engineering Office,,p48:r18,p48:r18,5,7,,,,85000000,85000000
852,p48:r20,office,48,2,Northern Samar 1st District Engineering Office,,p48:r18,p48:r18,5,7,,,,20516000,20516000
853,p48:r21,region,48,1,Region IX - Zamboanga Peninsula,,p47:r14,p47:r14,4,6,,,,43025000,43025000
854,p48:r22,office,48,2,Zamboanga del Norte 4th District Engineering Office,,p48:r21,p48:r21,5,7,,,,43025000,43025000
855,p49:r0,program,49,1,Construction / Upgrading / Rehabilitation of Drainage along National Roads Tertiary Roads,310112000000000,p13:ph13,p46:r14,2,4,0,,,184903000,184903000
856,p49:r1,activity,49,1,Construction / Upgrading / Rehabilitation of Drainage along National Roads Tertiary Roads,310112100132000,p49:r0,p49:r0,3,5,1,,,184903000,184903000
857,p49:r2,region,49,1,National Capital Region (NCR),,p49:r1,p49:r1,4,6,,,,72750000,72750000
858,p49:r3,office,49,2,Central Office,,p49:r2,p49:r2,5,7,,,,72750000,72750000
859,p49:r4,region,49,1,Region I - Ilocos,,p49:r1,p49:r1,4,6,,,,10580000,10580000
860,p49:r5,office,49,2,Ilocos Sur 2nd District Engineering Office,,p49:r4,p49:r4,5,7,,,,2000000,2000000
861,p49:r6,office,49,2,La Union 1st District Engineering Office,,p49:r4,p49:r4,5,7,,,,8580000,8580000
862,p49:r7,region,49,1,Cordillera Administrative Region (CAR),,p49:r1,p49:r1,4,6,,,,19970000,19970000
863,p49:r8,office,49,2,Ifugao 1st District Engineering Office,,p49:r7,p49:r7,5,7,,,,19970000,19970000
864,p49:r9,region,49,1,Region III - Central Luzon,,p49:r1,p49:r1,4,6,,,,22835000,22835000
865,p49:r10,office,49,2,Pampanga 1st District Engineering Office,,p49:r9,p49:r9,5,7,,,,22835000,22835000
866,p49:r11,region,49,1,Region IVA - CALABARZON,,p49:r1,p49:r1,4,6,,,,50000000,50000000
867,p49:r12,office,49,2,Batangas 2nd District Engineering Office,,p49:r11,p49:r11,5,7,,,,30000000,30000000
868,p49:r13,office,49,2,Rizal 1st District Engineering Office,,p49:r11,p49:r11,5,7,,,,20000000,20000000
869,p49:r14,region,49,1,Region VIII - Eastern Visayas,,p49:r1,p49:r1,4,6,,,,8768000,8768000
870,p49:r15,office,49,2,Northern Samar 1st District Engineering Office,,p49:r14,p49:r14,5,7,,,,8768000,8768000
871,p49:r16,program,49,1,NETWORK DEVELOPMENT PROGRAM,310200000000000,p13:ph13,p28:r7,2,3,0,,,92179924000,92179924000
872,p49:r17,program,49,1,Road Widening Primary Roads,310201000000000,p13:ph13,p49:r16,2,4,0,,,4475859000,4475859000
873,p49:r18,activity,49,1,Road Widening - Primary Roads,310201100427000,p49:r17,p49:r17,3,5,1,,,4475859000,4475859000
874,p49:r19,region,49,1,National Capital Region (NCR),,p49:r18,p49:r18,4,6,,,,3965969000,3965969000
875,p49:r20,office,49,2,Central Office,,p49:r19,p49:r19,5,7,,,,3965969000,3965969000
876,p49:r21,region,49,1,Region IVA - CALABARZON,,p49:r18,p49:r18,4,6,,,,64645000,64645000
877,p49:r22,office,49,2,Cavite Third District Engineering Office,,p49:r21,p49:r21,5,7,,,,5156000,5156000
878,p49:r23,office,49,2,Laguna 1st District Engineering Office,,p49:r21,p49:r21,5,7,,,,59489000,59489000
879,p49:r24,region,49,1,Region VI - Western Visayas,,p49:r18,p49:r18,4,6,,,,16365000,16365000
880,p49:r25,office,49,2,Capiz 2nd District Engineering Office,,p49:r24,p49:r24,5,7,,,,16365000,16365000
881,p50:r0,region,50,1,Negros Island Region (NIR),,p49:r18,p49:r18,4,6,,,,83061000,83061000
882,p50:r1,office,50,2,Negros Oriental 3rd District Engineering Office,,p50:r0,p50:r0,5,7,,,,83061000,83061000
883,p50:r2,region,50,1,Region VII - Central Visayas,,p49:r18,p49:r18,4,6,,,,48020000,48020000
884,p50:r3,office,50,2,Cebu 1st District Engineering Office,,p50:r2,p50:r2,5,7,,,,48020000,48020000
885,p50:r4,region,50,1,Region VIII - Eastern Visayas,,p49:r18,p49:r18,4,6,,,,35342000,35342000
886,p50:r5,office,50,2,Leyte 2nd District Engineering Office,,p50:r4,p50:r4,5,7,,,,32337000,32337000
887,p50:r6,office,50,2,Leyte 4th District Engineering Office,,p50:r4,p50:r4,5,7,,,,3005000,3005000
888,p50:r7,region,50,1,Region IX - Zamboanga Peninsula,,p49:r18,p49:r18,4,6,,,,103283000,103283000
889,p50:r8,office,50,2,Zamboanga del Sur 1st District Engineering Office,,p50:r7,p50:r7,5,7,,,,103283000,103283000
890,p50:r9,region,50,1,Region XI - Davao,,p49:r18,p49:r18,4,6,,,,62500000,62500000
891,p50:r10,office,50,2,Davao del Sur District Engineering Office,,p50:r9,p50:r9,5,7,,,,62500000,62500000
892,p50:r11,region,50,1,Region XII - SOCCSKSARGEN,,p49:r18,p49:r18,4,6,,,,96674000,96674000
893,p50:r12,office,50,2,Cotabato 1st District Engineering Office,,p50:r11,p50:r11,5,7,,,,14047000,14047000
894,p50:r13,office,50,2,Cotabato 3rd District Engineering Office,,p50:r11,p50:r11,5,7,,,,82627000,82627000
895,p50:r14,program,50,1,Road Widening Secondary Roads,310202000000000,p13:ph13,p49:r16,2,4,0,,,10362723000,10362723000
896,p50:r15,activity,50,1,Road Widening - Secondary Roads,310202100452000,p50:r14,p50:r14,3,5,1,,,10362723000,10362723000
897,p50:r16,region,50,1,National Capital Region (NCR),,p50:r15,p50:r15,4,6,,,,6981721000,6981721000
898,p50:r17,office,50,2,Central Office,,p50:r16,p50:r16,5,7,,,,6981721000,6981721000
899,p50:r18,region,50,1,Cordillera Administrative Region (CAR),,p50:r15,p50:r15,4,6,,,,127283000,127283000
900,p50:r19,office,50,2,Apayao 2nd District Engineering Office,,p50:r18,p50:r18,5,7,,,,41000000,41000000
901,p50:r20,office,50,2,Lower Kalinga District Engineering Office,,p50:r18,p50:r18,5,7,,,,86283000,86283000
902,p50:r21,region,50,1,Region III - Central Luzon,,p50:r15,p50:r15,4,6,,,,311011000,311011000
903,p50:r22,office,50,2,Bataan 1st District Engineering Office,,p50:r21,p50:r21,5,7,,,,10566000,10566000
904,p50:r23,office,50,2,Bataan 3rd District Engineering Office,,p50:r21,p50:r21,5,7,,,,238392000,238392000
905,p50:r24,office,50,2,Tarlac District Engineering Office,,p50:r21,p50:r21,5,7,,,,62053000,62053000
906,p51:r0,region,51,1,Region IVA - CALABARZON,,p50:r15,p50:r15,4,6,,,,171183000,171183000
907,p51:r1,office,51,2,Batangas 2nd District Engineering Office,,p51:r0,p51:r0,5,7,,,,21887000,21887000
908,p51:r2,office,51,2,Batangas 3rd District Engineering Office,,p51:r0,p51:r0,5,7,,,,39490000,39490000
909,p51:r3,office,51,2,Laguna 1st District Engineering Office,,p51:r0,p51:r0,5,7,,,,49586000,49586000
910,p51:r4,office,51,2,Laguna 3rd District Engineering Office,,p51:r0,p51:r0,5,7,,,,60220000,60220000
911,p51:r5,region,51,1,Region IVB - MIMAROPA,,p50:r15,p50:r15,4,6,,,,355063000,355063000
912,p51:r6,office,51,2,Mindoro Occidental District Engineering Office,,p51:r5,p51:r5,5,7,,,,105680000,105680000
913,p51:r7,office,51,2,Mindoro Oriental District Engineering Office,,p51:r5,p51:r5,5,7,,,,57487000,57487000
914,p51:r8,office,51,2,Palawan 1st District Engineering Office,,p51:r5,p51:r5,5,7,,,,3142000,3142000
915,p51:r9,office,51,2,Palawan 2nd District Engineering Office,,p51:r5,p51:r5,5,7,,,,138782000,138782000
916,p51:r10,office,51,2,Palawan 3rd District Engineering Office,,p51:r5,p51:r5,5,7,,,,46972000,46972000
917,p51:r11,office,51,2,Southern Mindoro District Engineering Office,,p51:r5,p51:r5,5,7,,,,3000000,3000000
918,p51:r12,region,51,1,Region V - Bicol,,p50:r15,p50:r15,4,6,,,,793247000,793247000
919,p51:r13,office,51,2,Albay 1st District Engineering Office,,p51:r12,p51:r12,5,7,,,,33431000,33431000
920,p51:r14,office,51,2,Albay 3rd District Engineering Office,,p51:r12,p51:r12,5,7,,,,8545000,8545000
921,p51:r15,office,51,2,Masbate 1st District Engineering Office,,p51:r12,p51:r12,5,7,,,,6467000,6467000
922,p51:r16,office,51,2,Masbate 2nd District Engineering Office,,p51:r12,p51:r12,5,7,,,,27456000,27456000
923,p51:r17,office,51,2,Masbate 3rd District Engineering Office,,p51:r12,p51:r12,5,7,,,,717348000,717348000
924,p51:r18,region,51,1,Region VI - Western Visayas,,p50:r15,p50:r15,4,6,,,,272747000,272747000
925,p51:r19,office,51,2,Aklan District Engineering Office,,p51:r18,p51:r18,5,7,,,,242402000,242402000
926,p51:r20,office,51,2,Capiz 2nd District Engineering Office,,p51:r18,p51:r18,5,7,,,,30345000,30345000
927,p51:r21,region,51,1,Negros Island Region (NIR),,p50:r15,p50:r15,4,6,,,,88290000,88290000
928,p51:r22,office,51,2,Negros Occidental 3rd District Engineering Office,,p51:r21,p51:r21,5,7,,,,88290000,88290000
929,p52:r0,region,52,1,Region VII - Central Visayas,,p50:r15,p50:r15,4,6,,,,199874000,199874000
930,p52:r1,office,52,2,Bohol 1st District Engineering Office,,p52:r0,p52:r0,5,7,,,,65387000,65387000
931,p52:r2,office,52,2,Bohol 2nd District Engineering Office,,p52:r0,p52:r0,5,7,,,,100000000,100000000
932,p52:r3,office,52,2,Bohol 3rd District Engineering Office,,p52:r0,p52:r0,5,7,,,,34487000,34487000
933,p52:r4,region,52,1,Region VIII - Eastern Visayas,,p50:r15,p50:r15,4,6,,,,303299000,303299000
934,p52:r5,office,52,2,Biliran District Engineering Office,,p52:r4,p52:r4,5,7,,,,74500000,74500000
935,p52:r6,office,52,2,Leyte 4th District Engineering Office,,p52:r4,p52:r4,5,7,,,,84799000,84799000
936,p52:r7,office,52,2,Northern Samar 2nd District Engineering Office,,p52:r4,p52:r4,5,7,,,,94000000,94000000
937,p52:r8,office,52,2,Tacloban City District Engineering Office,,p52:r4,p52:r4,5,7,,,,50000000,50000000
938,p52:r9,region,52,1,Region IX - Zamboanga Peninsula,,p50:r15,p50:r15,4,6,,,,378734000,378734000
939,p52:r10,office,52,2,Zamboanga del Norte 4th District Engineering Office,,p52:r9,p52:r9,5,7,,,,378734000,378734000
940,p52:r11,region,52,1,Region X - Northern Mindanao,,p50:r15,p50:r15,4,6,,,,106001000,106001000
941,p52:r12,office,52,2,Camiguin District Engineering Office,,p52:r11,p52:r11,5,7,,,,71846000,71846000
942,p52:r13,office,52,2,Misamis Oriental 2nd District Engineering Office,,p52:r11,p52:r11,5,7,,,,34155000,34155000
943,p52:r14,region,52,1,Region XI - Davao,,p50:r15,p50:r15,4,6,,,,77017000,77017000
944,p52:r15,office,52,2,Davao del Norte 2nd District Engineering Office,,p52:r14,p52:r14,5,7,,,,40154000,40154000
945,p52:r16,office,52,2,Davao Occidental District Engineering Office,,p52:r14,p52:r14,5,7,,,,36863000,36863000
946,p52:r17,region,52,1,Region XII - SOCCSKSARGEN,,p50:r15,p50:r15,4,6,,,,133704000,133704000
947,p52:r18,office,52,2,Cotabato 1st District Engineering Office,,p52:r17,p52:r17,5,7,,,,43110000,43110000
948,p52:r19,office,52,2,Cotabato 3rd District Engineering Office,,p52:r17,p52:r17,5,7,,,,32280000,32280000
949,p52:r20,office,52,2,Sarangani District Engineering Office,,p52:r17,p52:r17,5,7,,,,29662000,29662000
950,p52:r21,office,52,2,Sultan Kudarat 2nd District Engineering Office,,p52:r17,p52:r17,5,7,,,,28652000,28652000
951,p52:r22,region,52,1,Region XIII - CARAGA,,p50:r15,p50:r15,4,6,,,,63549000,63549000
952,p52:r23,office,52,2,Dinagat Islands District Engineering Office,,p52:r22,p52:r22,5,7,,,,23462000,23462000
953,p53:r0,office,53,2,Surigao del Norte 1st District Engineering Office,,p52:r22,p52:r22,5,7,,,,40087000,40087000
954,p53:r1,program,53,1,Road Widening Tertiary Roads,310203000000000,p13:ph13,p49:r16,2,4,0,,,1630698000,1630698000
955,p53:r2,activity,53,1,Road Widening - Tertiary Roads,310203100259000,p53:r1,p53:r1,3,5,1,,,1630698000,1630698000
956,p53:r3,region,53,1,National Capital Region (NCR),,p53:r2,p53:r2,4,6,,,,1242097000,1242097000
957,p53:r4,office,53,2,Central Office,,p53:r3,p53:r3,5,7,,,,1242097000,1242097000
958,p53:r5,region,53,1,Region III - Central Luzon,,p53:r2,p53:r2,4,6,,,,41654000,41654000
959,p53:r6,office,53,2,Bulacan 2nd District Engineering Office,,p53:r5,p53:r5,5,7,,,,41654000,41654000
960,p53:r7,region,53,1,Region IVB - MIMAROPA,,p53:r2,p53:r2,4,6,,,,12006000,12006000
961,p53:r8,office,53,2,Palawan 1st District Engineering Office,,p53:r7,p53:r7,5,7,,,,12006000,12006000
962,p53:r9,region,53,1,Region V - Bicol,,p53:r2,p53:r2,4,6,,,,56526000,56526000
963,p53:r10,office,53,2,Albay 1st District Engineering Office,,p53:r9,p53:r9,5,7,,,,12627000,12627000
964,p53:r11,office,53,2,Albay 3rd District EngineeringOffice,,p53:r9,p53:r9,5,7,,,,20990000,20990000
965,p53:r12,office,53,2,Masbate 3rd District Engineering Office,,p53:r9,p53:r9,5,7,,,,22909000,22909000
966,p53:r13,region,53,1,Region VI - Western Visayas,,p53:r2,p53:r2,4,6,,,,48389000,48389000
967,p53:r14,office,53,2,Capiz 2nd District Engineering Office,,p53:r13,p53:r13,5,7,,,,48389000,48389000
968,p53:r15,region,53,1,Region VIII - Eastern Visayas,,p53:r2,p53:r2,4,6,,,,41042000,41042000
969,p53:r16,office,53,2,Leyte 4th District Engineering Office,,p53:r15,p53:r15,5,7,,,,41042000,41042000
970,p53:r17,region,53,1,Region XII - SOCCSKSARGEN,,p53:r2,p53:r2,4,6,,,,111053000,111053000
971,p53:r18,office,53,2,Cotabato 2nd District Engineering Office,,p53:r17,p53:r17,5,7,,,,67557000,67557000
972,p53:r19,office,53,2,Cotabato 3rd District Engineering Office,,p53:r17,p53:r17,5,7,,,,43496000,43496000
973,p53:r20,region,53,1,Region XIII - CARAGA,,p53:r2,p53:r2,4,6,,,,77931000,77931000
974,p53:r21,office,53,2,Dinagat Islands District Engineering Office,,p53:r20,p53:r20,5,7,,,,41185000,41185000
975,p53:r22,office,53,2,Surigao del Norte 1st District Engineering Office,,p53:r20,p53:r20,5,7,,,,36746000,36746000
976,p54:r0,program,54,1,Construction of By pass and Diversion Roads,310204000000000,p13:ph13,p49:r16,2,4,0,,,46458080000,46458080000
977,p54:r1,activity,54,1,Construction of By pass and Diversion Roads,310204100666000,p54:r0,p54:r0,3,5,1,,,46458080000,46458080000
978,p54:r2,region,54,1,National Capital Region (NCR),,p54:r1,p54:r1,4,6,,,,44610657000,44610657000
979,p54:r3,office,54,2,Central Office,,p54:r2,p54:r2,5,7,,,,44610657000,44610657000
980,p54:r4,region,54,1,Cordillera Administrative Region (CAR),,p54:r1,p54:r1,4,6,,,,148948000,148948000
981,p54:r5,office,54,2,Baguio City District Engineering Office,,p54:r4,p54:r4,5,7,,,,113948000,113948000
982,p54:r6,office,54,2,Upper Kalinga District Engineering Office,,p54:r4,p54:r4,5,7,,,,35000000,35000000
983,p54:r7,region,54,1,Region II - Cagayan Valley,,p54:r1,p54:r1,4,6,,,,25500000,25500000
984,p54:r8,office,54,2,Cagayan 2nd District Engineering Office,,p54:r7,p54:r7,5,7,,,,19500000,19500000
985,p54:r9,office,54,2,Isabela 4th District Engineering Office,,p54:r7,p54:r7,5,7,,,,6000000,6000000
986,p54:r10,region,54,1,Region III - Central Luzon,,p54:r1,p54:r1,4,6,,,,74500000,74500000
987,p54:r11,office,54,2,Nueva Ecija 1st District Engineering Office,,p54:r10,p54:r10,5,7,,,,30000000,30000000
988,p54:r12,office,54,2,Zambales 2nd District Engineering Office,,p54:r10,p54:r10,5,7,,,,44500000,44500000
989,p54:r13,region,54,1,Region IVA - CALABARZON,,p54:r1,p54:r1,4,6,,,,354500000,354500000
990,p54:r14,office,54,2,Quezon 1st District Engineering Office,,p54:r13,p54:r13,5,7,,,,50000000,50000000
991,p54:r15,office,54,2,Quezon 3rd District Engineering Office,,p54:r13,p54:r13,5,7,,,,64500000,64500000
992,p54:r16,office,54,2,Quezon 4th District Engineering Office,,p54:r13,p54:r13,5,7,,,,190000000,190000000
993,p54:r17,office,54,2,Rizal 2nd District Engineering Office,,p54:r13,p54:r13,5,7,,,,50000000,50000000
994,p54:r18,region,54,1,Region V - Bicol,,p54:r1,p54:r1,4,6,,,,100000000,100000000
995,p54:r19,office,54,2,Albay 1st District Engineering Office,,p54:r18,p54:r18,5,7,,,,20000000,20000000
996,p54:r20,office,54,2,Camarines Sur 2nd District Engineering Office,,p54:r18,p54:r18,5,7,,,,80000000,80000000
997,p54:r21,region,54,1,Region VI - Western Visayas,,p54:r1,p54:r1,4,6,,,,90220000,90220000
998,p54:r22,office,54,2,Capiz 1st District Engineering Office,,p54:r21,p54:r21,5,7,,,,51420000,51420000
999,p54:r23,office,54,2,Capiz 2nd District Engineering Office,,p54:r21,p54:r21,5,7,,,,5000000,5000000
1000,p54:r24,office,54,2,Iloilo 3rd District Engineering Office,,p54:r21,p54:r21,5,7,,,,33800000,33800000
1001,p55:r0,region,55,1,Region VII - Central Visayas,,p54:r1,p54:r1,4,6,,,,88000000,88000000
1002,p55:r1,office,55,2,Cebu 3rd District Engineering Office,,p55:r0,p55:r0,5,7,,,,88000000,88000000
1003,p55:r2,region,55,1,Region VIII - Eastern Visayas,,p54:r1,p54:r1,4,6,,,,129000000,129000000
1004,p55:r3,office,55,2,Leyte 3rd District Engineering Office,,p55:r2,p55:r2,5,7,,,,55000000,55000000
1005,p55:r4,office,55,2,Leyte 5th District Engineering Office,,p55:r2,p55:r2,5,7,,,,74000000,74000000
1006,p55:r5,region,55,1,Region IX - Zamboanga Peninsula,,p54:r1,p54:r1,4,6,,,,506285000,506285000
1007,p55:r6,office,55,2,Zamboanga del Norte 1st District Engineering Office,,p55:r5,p55:r5,5,7,,,,28108000,28108000
1008,p55:r7,office,55,2,Zamboanga del Norte 3rd District Engineering Office,,p55:r5,p55:r5,5,7,,,,25000000,25000000
1009,p55:r8,office,55,2,Zamboanga del Sur 1st District Engineering Office,,p55:r5,p55:r5,5,7,,,,241290000,241290000
1010,p55:r9,office,55,2,Zamboanga del Sur 2nd District Engineering Office,,p55:r5,p55:r5,5,7,,,,120000000,120000000
1011,p55:r10,office,55,2,Zamboanga Sibugay 1st District Engineering Office,,p55:r5,p55:r5,5,7,,,,91887000,91887000
1012,p55:r11,region,55,1,Region X - Northern Mindanao,,p54:r1,p54:r1,4,6,,,,20000000,20000000
1013,p55:r12,office,55,2,Misamis Oriental 1st District Engineering Office,,p55:r11,p55:r11,5,7,,,,20000000,20000000
1014,p55:r13,region,55,1,Region XI - Davao,,p54:r1,p54:r1,4,6,,,,50000000,50000000
1015,p55:r14,office,55,2,Davao Oriental 1st District Engineering Office,,p55:r13,p55:r13,5,7,,,,50000000,50000000
1016,p55:r15,region,55,1,Region XII - SOCCSKSARGEN,,p54:r1,p54:r1,4,6,,,,69470000,69470000
1017,p55:r16,office,55,2,Sarangani District Engineering Office,,p55:r15,p55:r15,5,7,,,,51500000,51500000
1018,p55:r17,office,55,2,South Cotabato 2nd District Engineering Office,,p55:r15,p55:r15,5,7,,,,17970000,17970000
1019,p55:r18,region,55,1,Region XIII - CARAGA,,p54:r1,p54:r1,4,6,,,,191000000,191000000
1020,p55:r19,office,55,2,Agusan del Sur 1st District Engineering Office,,p55:r18,p55:r18,5,7,,,,30000000,30000000
1021,p55:r20,office,55,2,Agusan del Sur 2nd District Engineering Office,,p55:r18,p55:r18,5,7,,,,46000000,46000000
1022,p55:r21,office,55,2,Butuan City District Engineering Office,,p55:r18,p55:r18,5,7,,,,115000000,115000000
1023,p56:r0,program,56,1,Construction of Missing Links / New Roads,310205000000000,p13:ph13,p49:r16,2,4,0,,,23911762000,23911762000
1024,p56:r1,activity,56,1,Construction of Missing Links / New Roads,310205100359000,p56:r0,p56:r0,3,5,1,,,23911762000,23911762000
1025,p56:r2,region,56,1,National Capital Region (NCR),,p56:r1,p56:r1,4,6,,,,23524496000,23524496000
1026,p56:r3,office,56,2,Central Office,,p56:r2,p56:r2,5,7,,,,23524496000,23524496000
1027,p56:r4,region,56,1,Cordillera Administrative Region (CAR),,p56:r1,p56:r1,4,6,,,,92129000,92129000
1028,p56:r5,office,56,2,Abra District Engineering Office,,p56:r4,p56:r4,5,7,,,,25284000,25284000
1029,p56:r6,office,56,2,Apayao 2nd District Engineering Office,,p56:r4,p56:r4,5,7,,,,50000000,50000000
1030,p56:r7,office,56,2,Ifugao 1st District Engineering Office,,p56:r4,p56:r4,5,7,,,,16845000,16845000
1031,p56:r8,region,56,1,Region IVA - CALABARZON,,p56:r1,p56:r1,4,6,,,,121200000,121200000
1032,p56:r9,office,56,2,Cavite 2nd District Engineering Office,,p56:r8,p56:r8,5,7,,,,21200000,21200000
1033,p56:r10,office,56,2,Quezon 4th District Engineering Office,,p56:r8,p56:r8,5,7,,,,100000000,100000000
1034,p56:r11,region,56,1,Region V - Bicol,,p56:r1,p56:r1,4,6,,,,59000000,59000000
1035,p56:r12,office,56,2,Camarines Sur 4th District Engineering Office,,p56:r11,p56:r11,5,7,,,,47000000,47000000
1036,p56:r13,office,56,2,Masbate 2nd District Engineering Office,,p56:r11,p56:r11,5,7,,,,12000000,12000000
1037,p56:r14,region,56,1,Region VIII - Eastern Visayas,,p56:r1,p56:r1,4,6,,,,30000000,30000000
1038,p56:r15,office,56,2,Leyte 4th District Engineering Office,,p56:r14,p56:r14,5,7,,,,30000000,30000000
1039,p56:r16,region,56,1,Region XII - SOCCSKSARGEN,,p56:r1,p56:r1,4,6,,,,84937000,84937000
1040,p56:r17,office,56,2,Sultan Kudarat 1st District Engineering Office,,p56:r16,p56:r16,5,7,,,,84937000,84937000
1041,p56:r18,program,56,1,Construction of Flyovers / Interchanges / Underpasses / Long Span Bridges,310206000000000,p13:ph13,p49:r16,2,4,0,,,734717000,734717000
1042,p56:r19,activity,56,1,Construction of Flyovers / Interchanges / Underpasses / Long Span Bridges,310206100025000,p56:r18,p56:r18,3,5,1,,,734717000,734717000
1043,p56:r20,region,56,1,National Capital Region (NCR),,p56:r19,p56:r19,4,6,,,,734717000,734717000
1044,p56:r21,office,56,2,Central Office,,p56:r20,p56:r20,5,7,,,,734717000,734717000
1045,p56:r22,program,56,1,Off Carriageway Improvement Primary Roads,310207000000000,p13:ph13,p49:r16,2,4,0,,,1313665000,1313665000
1046,p56:r23,activity,56,1,Off Carriageway Improvement Primary Roads,310207100075000,p56:r22,p56:r22,3,5,1,,,1313665000,1313665000
1047,p56:r24,region,56,1,National Capital Region (NCR),,p56:r23,p56:r23,4,6,,,,923858000,923858000
1048,p56:r25,office,56,2,Central Office,,p56:r24,p56:r24,5,7,,,,923858000,923858000
1049,p57:r0,region,57,1,Cordillera Administrative Region (CAR),,p56:r23,p56:r23,4,6,,,,15000000,15000000
1050,p57:r1,office,57,2,Lower Kalinga District Engineering Office,,p57:r0,p57:r0,5,7,,,,15000000,15000000
1051,p57:r2,region,57,1,Region II - Cagayan Valley,,p56:r23,p56:r23,4,6,,,,10870000,10870000
1052,p57:r3,office,57,2,Isabela 1st District Engineering Office,,p57:r2,p57:r2,5,7,,,,1711000,1711000
1053,p57:r4,office,57,2,Isabela 3rd District Engineering Office,,p57:r2,p57:r2,5,7,,,,9159000,9159000
1054,p57:r5,region,57,1,Region IVA - CALABARZON,,p56:r23,p56:r23,4,6,,,,7403000,7403000
1055,p57:r6,office,57,2,Laguna 3rd District Engineering Office,,p57:r5,p57:r5,5,7,,,,7403000,7403000
1056,p57:r7,region,57,1,Negros Island Region (NIR),,p56:r23,p56:r23,4,6,,,,97032000,97032000
1057,p57:r8,office,57,2,Bacolod City District Engineering Office,,p57:r7,p57:r7,5,7,,,,22032000,22032000
1058,p57:r9,office,57,2,Negros Oriental 2nd District Engineering Office,,p57:r7,p57:r7,5,7,,,,30000000,30000000
1059,p57:r10,office,57,2,Negros Oriental 3rd District Engineering Office,,p57:r7,p57:r7,5,7,,,,45000000,45000000
1060,p57:r11,region,57,1,Region X - Northern Mindanao,,p56:r23,p56:r23,4,6,,,,148843000,148843000
1061,p57:r12,office,57,2,Cagayan de Oro City 2nd District Engineering Office,,p57:r11,p57:r11,5,7,,,,83336000,83336000
1062,p57:r13,office,57,2,Misamis Oriental 1st District Engineering Office,,p57:r11,p57:r11,5,7,,,,65507000,65507000
1063,p57:r14,region,57,1,Region XI - Davao,,p56:r23,p56:r23,4,6,,,,96583000,96583000
1064,p57:r15,office,57,2,Davao City 2nd District Engineering Office,,p57:r14,p57:r14,5,7,,,,17283000,17283000
1065,p57:r16,office,57,2,Davao de Oro 1st District Engineering Office,,p57:r14,p57:r14,5,7,,,,45700000,45700000
1066,p57:r17,office,57,2,Davao Oriental 2nd District Engineering Office,,p57:r14,p57:r14,5,7,,,,33600000,33600000
1067,p57:r18,region,57,1,Region XII - SOCCSKSARGEN,,p56:r23,p56:r23,4,6,,,,14076000,14076000
1068,p57:r19,office,57,2,Cotabato 1st District Engineering Office,,p57:r18,p57:r18,5,7,,,,14076000,14076000
1069,p58:r0,program,58,1,Off Carriageway Improvement Secondary Roads,310208000000000,p13:ph13,p49:r16,2,4,0,,,1983747000,1983747000
1070,p58:r1,activity,58,1,Off Carriageway Improvement Secondary Roads,310208100212000,p58:r0,p58:r0,3,5,1,,,1983747000,1983747000
1071,p58:r2,region,58,1,National Capital Region (NCR),,p58:r1,p58:r1,4,6,,,,1289100000,1289100000
1072,p58:r3,office,58,2,Central Office,,p58:r2,p58:r2,5,7,,,,1289100000,1289100000
1073,p58:r4,region,58,1,Region I - Ilocos,,p58:r1,p58:r1,4,6,,,,10000000,10000000
1074,p58:r5,office,58,2,Pangasinan 3rd District Engineering Office,,p58:r4,p58:r4,5,7,,,,10000000,10000000
1075,p58:r6,region,58,1,Region II - Cagayan Valley,,p58:r1,p58:r1,4,6,,,,18500000,18500000
1076,p58:r7,office,58,2,Cagayan 2nd District Engineering Office,,p58:r6,p58:r6,5,7,,,,18500000,18500000
1077,p58:r8,region,58,1,Region III - Central Luzon,,p58:r1,p58:r1,4,6,,,,44000000,44000000
1078,p58:r9,office,58,2,Nueva Ecija 1st District Engineering Office,,p58:r8,p58:r8,5,7,,,,44000000,44000000
1079,p58:r10,region,58,1,Region IVA - CALABARZON,,p58:r1,p58:r1,4,6,,,,48464000,48464000
1080,p58:r11,office,58,2,Batangas 4th District Engineering Office,,p58:r10,p58:r10,5,7,,,,26063000,26063000
1081,p58:r12,office,58,2,Laguna 3rd District Engineering Office,,p58:r10,p58:r10,5,7,,,,22401000,22401000
1082,p58:r13,region,58,1,Negros Island Region (NIR),,p58:r1,p58:r1,4,6,,,,45000000,45000000
1083,p58:r14,office,58,2,Negros Oriental 3rd District Engineering Office,,p58:r13,p58:r13,5,7,,,,45000000,45000000
1084,p58:r15,region,58,1,Region VII - Central Visayas,,p58:r1,p58:r1,4,6,,,,2040000,2040000
1085,p58:r16,office,58,2,Cebu 4th District Engineering Office,,p58:r15,p58:r15,5,7,,,,2040000,2040000
1086,p58:r17,region,58,1,Region IX - Zamboanga Peninsula,,p58:r1,p58:r1,4,6,,,,46000000,46000000
1087,p58:r18,office,58,2,Zamboanga City 1st District Engineering Office,,p58:r17,p58:r17,5,7,,,,46000000,46000000
1088,p58:r19,region,58,1,Region X - Northern Mindanao,,p58:r1,p58:r1,4,6,,,,403140000,403140000
1089,p58:r20,office,58,2,Bukidnon 1st District Engineering Office,,p58:r19,p58:r19,5,7,,,,200000000,200000000
1090,p58:r21,office,58,2,Cagayan de Oro City 2nd District Engineering Office,,p58:r19,p58:r19,5,7,,,,30800000,30800000
1091,p58:r22,office,58,2,Iligan City District Engineering Office,,p58:r19,p58:r19,5,7,,,,172340000,172340000
1092,p58:r23,region,58,1,Region XIII - CARAGA,,p58:r1,p58:r1,4,6,,,,77503000,77503000
1093,p58:r24,office,58,2,Dinagat Islands District Engineering Office,,p58:r23,p58:r23,5,7,,,,27828000,27828000
1094,p59:r0,office,59,2,Surigao del Sur 2nd District Engineering Office,,p58:r23,p58:r23,5,7,,,,49675000,49675000
1095,p59:r1,program,59,1,Off Carriageway Improvement Tertiary Roads,310209000000000,p13:ph13,p49:r16,2,4,0,,,741599000,741599000
1096,p59:r2,activity,59,1,Off Carriageway Improvement Tertiary Roads,310209100178000,p59:r1,p59:r1,3,5,1,,,741599000,741599000
1097,p59:r3,region,59,1,National Capital Region (NCR),,p59:r2,p59:r2,4,6,,,,419590000,419590000
1098,p59:r4,office,59,2,Central Office,,p59:r3,p59:r3,5,7,,,,419590000,419590000
1099,p59:r5,region,59,1,Cordillera Administrative Region (CAR),,p59:r2,p59:r2,4,6,,,,20000000,20000000
1100,p59:r6,office,59,2,Lower Kalinga District Engineering Office,,p59:r5,p59:r5,5,7,,,,20000000,20000000
1101,p59:r7,region,59,1,Region II - Cagayan Valley,,p59:r2,p59:r2,4,6,,,,10912000,10912000
1102,p59:r8,office,59,2,Batanes District Engineering Office,,p59:r7,p59:r7,5,7,,,,10912000,10912000
1103,p59:r9,region,59,1,Region III - Central Luzon,,p59:r2,p59:r2,4,6,,,,49482000,49482000
1104,p59:r10,office,59,2,Bulacan 3rd District Engineering Office,,p59:r9,p59:r9,5,7,,,,7632000,7632000
1105,p59:r11,office,59,2,Nueva Ecija 1st District Engineering Office,,p59:r9,p59:r9,5,7,,,,41850000,41850000
1106,p59:r12,region,59,1,Region IVA - CALABARZON,,p59:r2,p59:r2,4,6,,,,51694000,51694000
1107,p59:r13,office,59,2,Batangas 4th District Engineering Office,,p59:r12,p59:r12,5,7,,,,46913000,46913000
1108,p59:r14,office,59,2,Laguna 3rd District Engineering Office,,p59:r12,p59:r12,5,7,,,,4781000,4781000
1109,p59:r15,region,59,1,Negros Island Region (NIR),,p59:r2,p59:r2,4,6,,,,111421000,111421000
1110,p59:r16,office,59,2,Negros Occidental 3rd District Engineering Office,,p59:r15,p59:r15,5,7,,,,45600000,45600000
1111,p59:r17,office,59,2,Negros Oriental 2nd District Engineering Office,,p59:r15,p59:r15,5,7,,,,40000000,40000000
1112,p59:r18,office,59,2,Negros Oriental 3rd District Engineering Office,,p59:r15,p59:r15,5,7,,,,15471000,15471000
1113,p59:r19,office,59,2,Siquijor District Engineering Office,,p59:r15,p59:r15,5,7,,,,10350000,10350000
1114,p59:r20,region,59,1,Region IX - Zamboanga Peninsula,,p59:r2,p59:r2,4,6,,,,28500000,28500000
1115,p59:r21,office,59,2,Zamboanga City 1st District Engineering Office,,p59:r20,p59:r20,5,7,,,,28500000,28500000
1116,p59:r22,region,59,1,Region XIII - CARAGA,,p59:r2,p59:r2,4,6,,,,50000000,50000000
1117,p59:r23,office,59,2,Surigao del Sur 1st District Engineering Office,,p59:r22,p59:r22,5,7,,,,50000000,50000000
1118,p60:r0,program,60,1,Paving of Unpaved Roads Primary Roads,310210000000000,p13:ph13,p28:r7,2,3,0,,,5000000,5000000
1119,p60:r1,activity,60,1,Paving of Unpaved Roads - Primary Roads,310210100004000,p60:r0,p60:r0,3,4,1,,,5000000,5000000
1120,p60:r2,region,60,1,National Capital Region (NCR),,p60:r1,p60:r1,4,5,,,,5000000,5000000
1121,p60:r3,office,60,2,Central Office,,p60:r2,p60:r2,5,6,,,,5000000,5000000
1122,p60:r4,program,60,1,Paving of Unpaved Roads Secondary Roads,310211000000000,p13:ph13,p60:r0,2,4,0,,,21992000,21992000
1123,p60:r5,activity,60,1,Paving of Unpaved Roads Secondary Roads,310211100053000,p60:r4,p60:r4,3,5,1,,,21992000,21992000
1124,p60:r6,region,60,1,Region IX - Zamboanga Peninsula,,p60:r5,p60:r5,4,6,,,,12074000,12074000
1125,p60:r7,office,60,2,Zamboanga City 1st District Engineering Office,,p60:r6,p60:r6,5,7,,,,12074000,12074000
1126,p60:r8,region,60,1,Region XI - Davao,,p60:r5,p60:r5,4,6,,,,9918000,9918000
1127,p60:r9,office,60,2,Davao Occidental District Engineering Office,,p60:r8,p60:r8,5,7,,,,9918000,9918000
1128,p60:r10,program,60,1,Paving of Unpaved Roads Tertiary Roads,310212000000000,p13:ph13,p60:r0,2,4,0,,,540082000,540082000
1129,p60:r11,activity,60,1,Paving of Unpaved Roads Tertiary Roads,310212100112000,p60:r10,p60:r10,3,5,1,,,540082000,540082000
1130,p60:r12,region,60,1,National Capital Region (NCR),,p60:r11,p60:r11,4,6,,,,267749000,267749000
1131,p60:r13,office,60,2,Central Office,,p60:r12,p60:r12,5,7,,,,267749000,267749000
1132,p60:r14,region,60,1,Region IX - Zamboanga Peninsula,,p60:r11,p60:r11,4,6,,,,26628000,26628000
1133,p60:r15,office,60,2,Zamboanga del Sur 2nd District Engineering Office,,p60:r14,p60:r14,5,7,,,,26628000,26628000
1134,p60:r16,region,60,1,Region X - Northern Mindanao,,p60:r11,p60:r11,4,6,,,,245705000,245705000
1135,p60:r17,office,60,2,Lanao del Norte 2nd District Engineering Office,,p60:r16,p60:r16,5,7,,,,245705000,245705000
1136,p60:r18,program,60,1,BRIDGE PROGRAM,310300000000000,p13:ph13,p28:r7,2,3,0,,,38987589000,38987589000
1137,p60:r19,program,60,1,Replacement of Bridges (Temporary to Permanent),310301000000000,p13:ph13,p60:r18,2,4,0,,,200000000,200000000
1138,p60:r20,activity,60,1,Replacement of Bridges (Temporary to Permanent),310301100002000,p60:r19,p60:r19,3,5,1,,,200000000,200000000
1139,p60:r21,region,60,1,National Capital Region (NCR),,p60:r20,p60:r20,4,6,,,,200000000,200000000
1140,p60:r22,office,60,2,Central Office,,p60:r21,p60:r21,5,7,,,,200000000,200000000
1141,p60:r23,program,60,1,Replacement of Permanent Weak Bridges,310302000000000,p13:ph13,p60:r18,2,4,0,,,12030210000,12030210000
1142,p60:r24,activity,60,1,Replacement of Permanent Weak Bridges,310302100160000,p60:r23,p60:r23,3,5,1,,,12030210000,12030210000
1143,p60:r25,region,60,1,National Capital Region (NCR),,p60:r24,p60:r24,4,6,,,,9965050000,9965050000
1144,p60:r26,office,60,2,Central Office,,p60:r25,p60:r25,5,7,,,,9940650000,9940650000
1145,p61:r0,office,61,2,South Manila District Engineering Office,,p60:r25,p60:r25,5,7,,,,24400000,24400000
1146,p61:r1,region,61,1,Cordillera Administrative Region (CAR),,p60:r24,p60:r24,4,6,,,,135000000,135000000
1147,p61:r2,office,61,2,Apayao 2nd District Engineering Office,,p61:r1,p61:r1,5,7,,,,85000000,85000000
1148,p61:r3,office,61,2,Benguet 2nd District Engineering Office,,p61:r1,p61:r1,5,7,,,,50000000,50000000
1149,p61:r4,region,61,1,Region II - Cagayan Valley,,p60:r24,p60:r24,4,6,,,,31200000,31200000
1150,p61:r5,office,61,2,Cagayan 1st District Engineering Office,,p61:r4,p61:r4,5,7,,,,31200000,31200000
1151,p61:r6,region,61,1,Region III - Central Luzon,,p60:r24,p60:r24,4,6,,,,316200000,316200000
1152,p61:r7,office,61,2,Aurora District Engineering Office,,p61:r6,p61:r6,5,7,,,,140000000,140000000
1153,p61:r8,office,61,2,Bataan 1st District Engineering Office,,p61:r6,p61:r6,5,7,,,,23200000,23200000
1154,p61:r9,office,61,2,Bataan 2nd District Engineering Office,,p61:r6,p61:r6,5,7,,,,18000000,18000000
1155,p61:r10,office,61,2,Bataan 3rd District Engineering Office,,p61:r6,p61:r6,5,7,,,,15000000,15000000
1156,p61:r11,office,61,2,Bulacan 1st District Engineering Office,,p61:r6,p61:r6,5,7,,,,25000000,25000000
1157,p61:r12,office,61,2,Nueva Ecija 1st District Engineering Office,,p61:r6,p61:r6,5,7,,,,75000000,75000000
1158,p61:r13,office,61,2,Nueva Ecija 2nd District Engineering Office,,p61:r6,p61:r6,5,7,,,,20000000,20000000
1159,p61:r14,region,61,1,Region IVA - CALABARZON,,p60:r24,p60:r24,4,6,,,,18000000,18000000
1160,p61:r15,office,61,2,Laguna 3rd District Engineering Office,,p61:r14,p61:r14,5,7,,,,18000000,18000000
1161,p61:r16,region,61,1,Region IVB - MIMAROPA,,p60:r24,p60:r24,4,6,,,,48430000,48430000
1162,p61:r17,office,61,2,Mindoro Occidental District Engineering Office,,p61:r16,p61:r16,5,7,,,,25000000,25000000
1163,p61:r18,office,61,2,Palawan 1st District Engineering Office,,p61:r16,p61:r16,5,7,,,,23430000,23430000
1164,p61:r19,region,61,1,Region V - Bicol,,p60:r24,p60:r24,4,6,,,,129000000,129000000
1165,p61:r20,office,61,2,Albay 1st District Engineering Office,,p61:r19,p61:r19,5,7,,,,10000000,10000000
1166,p61:r21,office,61,2,Camarines Norte District Engineering Office,,p61:r19,p61:r19,5,7,,,,84000000,84000000
1167,p61:r22,office,61,2,Camarines Sur 5th District Engineering Office,,p61:r19,p61:r19,5,7,,,,35000000,35000000
1168,p61:r23,region,61,1,Negros Island Region (NIR),,p60:r24,p60:r24,4,6,,,,60000000,60000000
1169,p61:r24,office,61,2,Siquijor District Engineering Office,,p61:r23,p61:r23,5,7,,,,60000000,60000000
1170,p62:r0,region,62,1,Region VII - Central Visayas,,p60:r24,p60:r24,4,6,,,,143000000,143000000
1171,p62:r1,office,62,2,Bohol 1st District Engineering Office,,p62:r0,p62:r0,5,7,,,,70000000,70000000
1172,p62:r2,office,62,2,Bohol 3rd District Engineering Office,,p62:r0,p62:r0,5,7,,,,14000000,14000000
1173,p62:r3,office,62,2,Cebu 4th District Engineering Office,,p62:r0,p62:r0,5,7,,,,59000000,59000000
1174,p62:r4,region,62,1,Region VIII - Eastern Visayas,,p60:r24,p60:r24,4,6,,,,254073000,254073000
1175,p62:r5,office,62,2,Eastern Samar District Engineering Office,,p62:r4,p62:r4,5,7,,,,20000000,20000000
1176,p62:r6,office,62,2,Leyte 1st District Engineering Office,,p62:r4,p62:r4,5,7,,,,27900000,27900000
1177,p62:r7,office,62,2,Leyte 3rd District Engineering Office,,p62:r4,p62:r4,5,7,,,,25308000,25308000
1178,p62:r8,office,62,2,Leyte 4th District Engineering Office,,p62:r4,p62:r4,5,7,,,,83207000,83207000
1179,p62:r9,office,62,2,Leyte 5th District Engineering Office,,p62:r4,p62:r4,5,7,,,,30450000,30450000
1180,p62:r10,office,62,2,Samar 1st District Engineering Office,,p62:r4,p62:r4,5,7,,,,35208000,35208000
1181,p62:r11,office,62,2,Tacloban City District Engineering Office,,p62:r4,p62:r4,5,7,,,,32000000,32000000
1182,p62:r12,region,62,1,Region IX - Zamboanga Peninsula,,p60:r24,p60:r24,4,6,,,,375000000,375000000
1183,p62:r13,office,62,2,Zamboanga del Norte 1st District Engineering Office,,p62:r12,p62:r12,5,7,,,,30000000,30000000
1184,p62:r14,office,62,2,Zamboanga del Sur 2nd District Engineering Office,,p62:r12,p62:r12,5,7,,,,345000000,345000000
1185,p62:r15,region,62,1,Region X - Northern Mindanao,,p60:r24,p60:r24,4,6,,,,357900000,357900000
1186,p62:r16,office,62,2,Bukidnon 1st District Engineering Office,,p62:r15,p62:r15,5,7,,,,32400000,32400000
1187,p62:r17,office,62,2,Lanao del Norte 1st District Engineering Office,,p62:r15,p62:r15,5,7,,,,91520000,91520000
1188,p62:r18,office,62,2,Misamis Occidental 2nd District Engineering Office,,p62:r15,p62:r15,5,7,,,,151980000,151980000
1189,p62:r19,office,62,2,Misamis Occidental District Engineering Office,,p62:r15,p62:r15,5,7,,,,32000000,32000000
1190,p62:r20,office,62,2,Misamis Oriental 2nd District Engineering Office,,p62:r15,p62:r15,5,7,,,,50000000,50000000
1191,p62:r21,region,62,1,Region XI - Davao,,p60:r24,p60:r24,4,6,,,,25200000,25200000
1192,p62:r22,office,62,2,Davao del Norte 2nd District Engineering Office,,p62:r21,p62:r21,5,7,,,,25200000,25200000
1193,p63:r0,region,63,1,Region XII - SOCCSKSARGEN,,p60:r24,p60:r24,4,6,,,,124157000,124157000
1194,p63:r1,office,63,2,Sultan Kudarat 2nd District Engineering Office,,p63:r0,p63:r0,5,7,,,,124157000,124157000
1195,p63:r2,region,63,1,Region XIII - CARAGA,,p60:r24,p60:r24,4,6,,,,48000000,48000000
1196,p63:r3,office,63,2,Surigao del Norte 2nd District Engineering Office,,p63:r2,p63:r2,5,7,,,,48000000,48000000
1197,p63:r4,program,63,1,Retrofitting / Strengthening of Permanent Bridges,310303000000000,p13:ph13,p60:r18,2,4,0,,,3007128000,3007128000
1198,p63:r5,activity,63,1,Retrofitting / Strengthening of Permanent Bridges,310303100755000,p63:r4,p63:r4,3,5,1,,,3007128000,3007128000
1199,p63:r6,region,63,1,National Capital Region (NCR),,p63:r5,p63:r5,4,6,,,,2147774000,2147774000
1200,p63:r7,office,63,2,Central Office,,p63:r6,p63:r6,5,7,,,,1964551000,1964551000
1201,p63:r8,office,63,2,Las Pi ñ as-Muntinlupa District Engineering Office,,p63:r6,p63:r6,5,7,,,,61000000,61000000
1202,p63:r9,office,63,2,Malabon-Navotas District Engineering Office,,p63:r6,p63:r6,5,7,,,,20000000,20000000
1203,p63:r10,office,63,2,Metro Manila 2nd District Engineering Office,,p63:r6,p63:r6,5,7,,,,33223000,33223000
1204,p63:r11,office,63,2,Quezon City 2nd District Engineering Office,,p63:r6,p63:r6,5,7,,,,69000000,69000000
1205,p63:r12,region,63,1,Cordillera Administrative Region (CAR),,p63:r5,p63:r5,4,6,,,,10000000,10000000
1206,p63:r13,office,63,2,Apayao 2nd District Engineering Office,,p63:r12,p63:r12,5,7,,,,10000000,10000000
1207,p63:r14,region,63,1,Region II - Cagayan Valley,,p63:r5,p63:r5,4,6,,,,76000000,76000000
1208,p63:r15,office,63,2,Isabela 2nd District Engineering Office,,p63:r14,p63:r14,5,7,,,,76000000,76000000
1209,p63:r16,region,63,1,Region III - Central Luzon,,p63:r5,p63:r5,4,6,,,,20000000,20000000
1210,p63:r17,office,63,2,Zambales 1st District Engineering Office,,p63:r16,p63:r16,5,7,,,,20000000,20000000
1211,p63:r18,region,63,1,Region IVA - CALABARZON,,p63:r5,p63:r5,4,6,,,,36000000,36000000
1212,p63:r19,office,63,2,Cavite 2nd District Engineering Office,,p63:r18,p63:r18,5,7,,,,28000000,28000000
1213,p63:r20,office,63,2,Quezon 1st District Engineering Office,,p63:r18,p63:r18,5,7,,,,8000000,8000000
1214,p63:r21,region,63,1,Region IVB - MIMAROPA,,p63:r5,p63:r5,4,6,,,,242323000,242323000
1215,p63:r22,office,63,2,Marinduque District Engineering Office,,p63:r21,p63:r21,5,7,,,,68523000,68523000
1216,p63:r23,office,63,2,Mindoro Occidental District Engineering Office,,p63:r21,p63:r21,5,7,,,,35000000,35000000
1217,p64:r0,office,64,2,Mindoro Oriental District Engineering Office,,p63:r21,p63:r21,5,7,,,,14200000,14200000
1218,p64:r1,office,64,2,Palawan 1st District Engineering Office,,p63:r21,p63:r21,5,7,,,,20000000,20000000
1219,p64:r2,office,64,2,Palawan 2nd District Engineering Office,,p63:r21,p63:r21,5,7,,,,32000000,32000000
1220,p64:r3,office,64,2,Romblon District Engineering Office,,p63:r21,p63:r21,5,7,,,,55500000,55500000
1221,p64:r4,office,64,2,Southern Mindoro District Engineering Office,,p63:r21,p63:r21,5,7,,,,17100000,17100000
1222,p64:r5,region,64,1,Region VI - Western Visayas,,p63:r5,p63:r5,4,6,,,,16800000,16800000
1223,p64:r6,office,64,2,Capiz 2nd District Engineering Office,,p64:r5,p64:r5,5,7,,,,16800000,16800000
1224,p64:r7,region,64,1,Negros Island Region (NIR),,p63:r5,p63:r5,4,6,,,,63000000,63000000
1225,p64:r8,office,64,2,Negros Occidental 5th District Engineering Office,,p64:r7,p64:r7,5,7,,,,3000000,3000000
1226,p64:r9,office,64,2,Siquijor District Engineering Office,,p64:r7,p64:r7,5,7,,,,60000000,60000000
1227,p64:r10,region,64,1,Region VII - Central Visayas,,p63:r5,p63:r5,4,6,,,,10000000,10000000
1228,p64:r11,office,64,2,Cebu 1st District Engineering Office,,p64:r10,p64:r10,5,7,,,,10000000,10000000
1229,p64:r12,region,64,1,Region VIII - Eastern Visayas,,p63:r5,p63:r5,4,6,,,,122431000,122431000
1230,p64:r13,office,64,2,Leyte 2nd District Engineering Office,,p64:r12,p64:r12,5,7,,,,65205000,65205000
1231,p64:r14,office,64,2,Leyte 4th District Engineering Office,,p64:r12,p64:r12,5,7,,,,57226000,57226000
1232,p64:r15,region,64,1,Region IX - Zamboanga Peninsula,,p63:r5,p63:r5,4,6,,,,3000000,3000000
1233,p64:r16,office,64,2,Zamboanga City 1st District Engineering Office,,p64:r15,p64:r15,5,7,,,,3000000,3000000
1234,p64:r17,region,64,1,Region X - Northern Mindanao,,p63:r5,p63:r5,4,6,,,,80000000,80000000
1235,p64:r18,office,64,2,Misamis Oriental 1st District Engineering Office,,p64:r17,p64:r17,5,7,,,,80000000,80000000
1236,p64:r19,region,64,1,Region XI - Davao,,p63:r5,p63:r5,4,6,,,,17000000,17000000
1237,p64:r20,office,64,2,Davao de Oro 1st District Engineering Office,,p64:r19,p64:r19,5,7,,,,17000000,17000000
1238,p64:r21,region,64,1,Region XII - SOCCSKSARGEN,,p63:r5,p63:r5,4,6,,,,132800000,132800000
1239,p64:r22,office,64,2,Cotabato 2nd District Engineering Office,,p64:r21,p64:r21,5,7,,,,82800000,82800000
1240,p65:r0,office,65,2,South Cotabato 1st District Engineering Office,,p64:r21,p64:r21,5,7,,,,50000000,50000000
1241,p65:r1,region,65,1,Region XIII - CARAGA,,p63:r5,p63:r5,4,6,,,,30000000,30000000
1242,p65:r2,office,65,2,Butuan City District Engineering Office,,p65:r1,p65:r1,5,7,,,,30000000,30000000
1243,p65:r3,program,65,1,Rehabilitation / Major Repair of Permanent Bridges,310304000000000,p13:ph13,p60:r18,2,4,0,,,3866717000,3866717000
1244,p65:r4,activity,65,1,Rehabilitation / Major Repair of Permanent Bridges,310304100515000,p65:r3,p65:r3,3,5,1,,,3866717000,3866717000
1245,p65:r5,region,65,1,National Capital Region (NCR),,p65:r4,p65:r4,4,6,,,,1820798000,1820798000
1246,p65:r6,office,65,2,Central Office,,p65:r5,p65:r5,5,7,,,,1610598000,1610598000
1247,p65:r7,office,65,2,Metro Manila 1st District Engineering Office,,p65:r5,p65:r5,5,7,,,,17000000,17000000
1248,p65:r8,office,65,2,Metro Manila 2nd District Engineering Office,,p65:r5,p65:r5,5,7,,,,42200000,42200000
1249,p65:r9,office,65,2,North Manila District Engineering Office,,p65:r5,p65:r5,5,7,,,,151000000,151000000
1250,p65:r10,region,65,1,Region I - Ilocos,,p65:r4,p65:r4,4,6,,,,42000000,42000000
1251,p65:r11,office,65,2,Ilocos Norte 1st District Engineering Office,,p65:r10,p65:r10,5,7,,,,42000000,42000000
1252,p65:r12,region,65,1,Cordillera Administrative Region (CAR),,p65:r4,p65:r4,4,6,,,,29100000,29100000
1253,p65:r13,office,65,2,Apayao 2nd District Engineering Office,,p65:r12,p65:r12,5,7,,,,4100000,4100000
1254,p65:r14,office,65,2,Benguet 1st District Engineering Office,,p65:r12,p65:r12,5,7,,,,2500000,2500000
1255,p65:r15,office,65,2,Mountain Province First District Engineering Office,,p65:r12,p65:r12,5,7,,,,22500000,22500000
1256,p65:r16,region,65,1,Region II - Cagayan Valley,,p65:r4,p65:r4,4,6,,,,72792000,72792000
1257,p65:r17,office,65,2,Batanes District Engineering Office,,p65:r16,p65:r16,5,7,,,,2000000,2000000
1258,p65:r18,office,65,2,Nueva Vizcaya 2nd District Engineering Office,,p65:r16,p65:r16,5,7,,,,70792000,70792000
1259,p65:r19,region,65,1,Region III - Central Luzon,,p65:r4,p65:r4,4,6,,,,159450000,159450000
1260,p65:r20,office,65,2,Aurora District Engineering Office,,p65:r19,p65:r19,5,7,,,,20000000,20000000
1261,p65:r21,office,65,2,Bataan 1st District Engineering Office,,p65:r19,p65:r19,5,7,,,,18000000,18000000
1262,p65:r22,office,65,2,Bataan 3rd District Engineering Office,,p65:r19,p65:r19,5,7,,,,63500000,63500000
1263,p65:r23,office,65,2,Bulacan 2nd District Engineering Office,,p65:r19,p65:r19,5,7,,,,20000000,20000000
1264,p66:r0,office,66,2,Nueva Ecija 1st District Engineering Office,,p65:r19,p65:r19,5,7,,,,5000000,5000000
1265,p66:r1,office,66,2,Nueva Ecija 2nd District Engineering Office,,p65:r19,p65:r19,5,7,,,,22950000,22950000
1266,p66:r2,office,66,2,Pampanga 2nd District Engineering Office,,p65:r19,p65:r19,5,7,,,,10000000,10000000
1267,p66:r3,region,66,1,Region IVA - CALABARZON,,p65:r4,p65:r4,4,6,,,,96180000,96180000
1268,p66:r4,office,66,2,Batangas 1st District Engineering Office,,p66:r3,p66:r3,5,7,,,,48000000,48000000
1269,p66:r5,office,66,2,Batangas 2nd District Engineering Office,,p66:r3,p66:r3,5,7,,,,6100000,6100000
1270,p66:r6,office,66,2,Batangas 3rd District Engineering Office,,p66:r3,p66:r3,5,7,,,,10000000,10000000
1271,p66:r7,office,66,2,Quezon 1st District Engineering Office,,p66:r3,p66:r3,5,7,,,,7000000,7000000
1272,p66:r8,office,66,2,Quezon 4th District Engineering Office,,p66:r3,p66:r3,5,7,,,,25080000,25080000
1273,p66:r9,region,66,1,Region IVB - MIMAROPA,,p65:r4,p65:r4,4,6,,,,105000000,105000000
1274,p66:r10,office,66,2,Mindoro Occidental District Engineering Office,,p66:r9,p66:r9,5,7,,,,30000000,30000000
1275,p66:r11,office,66,2,Palawan 2nd District Engineering Office,,p66:r9,p66:r9,5,7,,,,75000000,75000000
1276,p66:r12,region,66,1,Region V - Bicol,,p65:r4,p65:r4,4,6,,,,8000000,8000000
1277,p66:r13,office,66,2,Masbate 1st District Engineering Office,,p66:r12,p66:r12,5,7,,,,2000000,2000000
1278,p66:r14,office,66,2,Sorsogon 2nd District Engineering Office,,p66:r12,p66:r12,5,7,,,,6000000,6000000
1279,p66:r15,region,66,1,Region VI - Western Visayas,,p65:r4,p65:r4,4,6,,,,126780000,126780000
1280,p66:r16,office,66,2,Capiz 1st District Engineering Office,,p66:r15,p66:r15,5,7,,,,48730000,48730000
1281,p66:r17,office,66,2,Iloilo 2nd District Engineering Office,,p66:r15,p66:r15,5,7,,,,38050000,38050000
1282,p66:r18,office,66,2,Iloilo 4th District Engineering Office,,p66:r15,p66:r15,5,7,,,,30000000,30000000
1283,p66:r19,office,66,2,Iloilo City District Engineering Office,,p66:r15,p66:r15,5,7,,,,10000000,10000000
1284,p66:r20,region,66,1,Negros Island Region (NIR),,p65:r4,p65:r4,4,6,,,,119800000,119800000
1285,p66:r21,office,66,2,Negros Occidental 2nd District Engineering Office,,p66:r20,p66:r20,5,7,,,,10800000,10800000
1286,p66:r22,office,66,2,Negros Occidental 3rd District Engineering Office,,p66:r20,p66:r20,5,7,,,,90000000,90000000
1287,p66:r23,office,66,2,Negros Occidental 4th District Engineering Office,,p66:r20,p66:r20,5,7,,,,2000000,2000000
1288,p67:r0,office,67,2,Negros Occidental 5th District Engineering Office,,p66:r20,p66:r20,5,7,,,,17000000,17000000
1289,p67:r1,region,67,1,Region VII - Central Visayas,,p65:r4,p65:r4,4,6,,,,377301000,377301000
1290,p67:r2,office,67,2,Bohol 1st District Engineering Office,,p67:r1,p67:r1,5,7,,,,10000000,10000000
1291,p67:r3,office,67,2,Cebu 1st District Engineering Office,,p67:r1,p67:r1,5,7,,,,5000000,5000000
1292,p67:r4,office,67,2,Cebu 3rd District Engineering Office,,p67:r1,p67:r1,5,7,,,,20000000,20000000
1293,p67:r5,office,67,2,Cebu 4th District Engineering Office,,p67:r1,p67:r1,5,7,,,,126301000,126301000
1294,p67:r6,office,67,2,Cebu 5th District Engineering Office,,p67:r1,p67:r1,5,7,,,,50000000,50000000
1295,p67:r7,office,67,2,Cebu 6th District Engineering Office,,p67:r1,p67:r1,5,7,,,,50000000,50000000
1296,p67:r8,office,67,2,Cebu 7th District Engineering Office,,p67:r1,p67:r1,5,7,,,,19000000,19000000
1297,p67:r9,office,67,2,Cebu City District Engineering Office,,p67:r1,p67:r1,5,7,,,,97000000,97000000
1298,p67:r10,region,67,1,Region VIII - Eastern Visayas,,p65:r4,p65:r4,4,6,,,,347070000,347070000
1299,p67:r11,office,67,2,Biliran District Engineering Office,,p67:r10,p67:r10,5,7,,,,85000000,85000000
1300,p67:r12,office,67,2,Eastern Samar District Engineering Office,,p67:r10,p67:r10,5,7,,,,15000000,15000000
1301,p67:r13,office,67,2,Leyte 2nd District Engineering Office,,p67:r10,p67:r10,5,7,,,,66905000,66905000
1302,p67:r14,office,67,2,Leyte 4th District Engineering Office,,p67:r10,p67:r10,5,7,,,,27000000,27000000
1303,p67:r15,office,67,2,Leyte 5th District Engineering Office,,p67:r10,p67:r10,5,7,,,,12000000,12000000
1304,p67:r16,office,67,2,Northern Samar 1st District Engineering Office,,p67:r10,p67:r10,5,7,,,,97665000,97665000
1305,p67:r17,office,67,2,Northern Samar 2nd District Engineering Office,,p67:r10,p67:r10,5,7,,,,43500000,43500000
1306,p67:r18,region,67,1,Region IX - Zamboanga Peninsula,,p65:r4,p65:r4,4,6,,,,6200000,6200000
1307,p67:r19,office,67,2,Zamboanga Sibugay 2nd District Engineering Office,,p67:r18,p67:r18,5,7,,,,6200000,6200000
1308,p67:r20,region,67,1,Region X - Northern Mindanao,,p65:r4,p65:r4,4,6,,,,187460000,187460000
1309,p67:r21,office,67,2,Bukidnon 1st District Engineering Office,,p67:r20,p67:r20,5,7,,,,16000000,16000000
1310,p67:r22,office,67,2,Bukidnon 2nd District Engineering Office,,p67:r20,p67:r20,5,7,,,,32000000,32000000
1311,p67:r23,office,67,2,Bukidnon 4th District Engineering Office,,p67:r20,p67:r20,5,7,,,,95976000,95976000
1312,p68:r0,office,68,2,Cagayan de Oro City 2nd District Engineering Office,,p67:r20,p67:r20,5,7,,,,20000000,20000000
1313,p68:r1,office,68,2,Lanao del Norte 1st District Engineering Office,,p67:r20,p67:r20,5,7,,,,3000000,3000000
1314,p68:r2,office,68,2,Lanao del Norte 2nd District Engineering Office,,p67:r20,p67:r20,5,7,,,,18484000,18484000
1315,p68:r3,office,68,2,Misamis Oriental 2nd District Engineering Office,,p67:r20,p67:r20,5,7,,,,2000000,2000000
1316,p68:r4,region,68,1,Region XI - Davao,,p65:r4,p65:r4,4,6,,,,15000000,15000000
1317,p68:r5,office,68,2,Davao City 2nd District Engineering Office,,p68:r4,p68:r4,5,7,,,,14000000,14000000
1318,p68:r6,office,68,2,Davao City District Engineering Office,,p68:r4,p68:r4,5,7,,,,1000000,1000000
1319,p68:r7,region,68,1,Region XII - SOCCSKSARGEN,,p65:r4,p65:r4,4,6,,,,220286000,220286000
1320,p68:r8,office,68,2,Cotabato 1st District Engineering Office,,p68:r7,p68:r7,5,7,,,,25000000,25000000
1321,p68:r9,office,68,2,Cotabato 2nd District Engineering Office,,p68:r7,p68:r7,5,7,,,,43200000,43200000
1322,p68:r10,office,68,2,Sarangani District Engineering Office,,p68:r7,p68:r7,5,7,,,,47260000,47260000
1323,p68:r11,office,68,2,South Cotabato 2nd District Engineering Office,,p68:r7,p68:r7,5,7,,,,43440000,43440000
1324,p68:r12,office,68,2,Sultan Kudarat 2nd District Engineering Office,,p68:r7,p68:r7,5,7,,,,61386000,61386000
1325,p68:r13,region,68,1,Region XIII - CARAGA,,p65:r4,p65:r4,4,6,,,,133500000,133500000
1326,p68:r14,office,68,2,Agusan del Sur 1st District Engineering Office,,p68:r13,p68:r13,5,7,,,,15000000,15000000
1327,p68:r15,office,68,2,Surigao del Sur 1st District Engineering Office,,p68:r13,p68:r13,5,7,,,,52000000,52000000
1328,p68:r16,office,68,2,Surigao del Sur 2nd District Engineering Office,,p68:r13,p68:r13,5,7,,,,66500000,66500000
1329,p68:r17,program,68,1,Widening of Permanent Bridges,310305000000000,p13:ph13,p60:r18,2,4,0,,,15291066000,15291066000
1330,p68:r18,activity,68,1,Widening of Permanent Bridges,310305100784000,p68:r17,p68:r17,3,5,1,,,15291066000,15291066000
1331,p68:r19,region,68,1,National Capital Region (NCR),,p68:r18,p68:r18,4,6,,,,11768858000,11768858000
1332,p68:r20,office,68,2,Central Office,,p68:r19,p68:r19,5,7,,,,11768858000,11768858000
1333,p68:r21,region,68,1,Region I - Ilocos,,p68:r18,p68:r18,4,6,,,,93000000,93000000
1334,p68:r22,office,68,2,Ilocos Norte 1st District Engineering Office,,p68:r21,p68:r21,5,7,,,,25000000,25000000
1335,p69:r0,office,69,2,La Union 2nd District Engineering Office,,p68:r21,p68:r21,5,7,,,,13100000,13100000
1336,p69:r1,office,69,2,Pangasinan 2nd District Engineering Office,,p68:r21,p68:r21,5,7,,,,45000000,45000000
1337,p69:r2,office,69,2,Pangasinan 4th District Engineering Office,,p68:r21,p68:r21,5,7,,,,9900000,9900000
1338,p69:r3,region,69,1,Region II - Cagayan Valley,,p68:r18,p68:r18,4,6,,,,326655000,326655000
1339,p69:r4,office,69,2,Cagayan 1st District Engineering Office,,p69:r3,p69:r3,5,7,,,,210000000,210000000
1340,p69:r5,office,69,2,Cagayan 3rd District Engineering Office,,p69:r3,p69:r3,5,7,,,,16455000,16455000
1341,p69:r6,office,69,2,Isabela 3rd District Engineering Office,,p69:r3,p69:r3,5,7,,,,20000000,20000000
1342,p69:r7,office,69,2,Quirino District Engineering Office,,p69:r3,p69:r3,5,7,,,,80200000,80200000
1343,p69:r8,region,69,1,Region III - Central Luzon,,p68:r18,p68:r18,4,6,,,,39900000,39900000
1344,p69:r9,office,69,2,Nueva Ecija 1st District Engineering Office,,p69:r8,p69:r8,5,7,,,,39900000,39900000
1345,p69:r10,region,69,1,Region IVA - CALABARZON,,p68:r18,p68:r18,4,6,,,,166720000,166720000
1346,p69:r11,office,69,2,Batangas 2nd District Engineering Office,,p69:r10,p69:r10,5,7,,,,45000000,45000000
1347,p69:r12,office,69,2,Cavite Third District Engineering Office,,p69:r10,p69:r10,5,7,,,,22500000,22500000
1348,p69:r13,office,69,2,Laguna 3rd District Engineering Office,,p69:r10,p69:r10,5,7,,,,15000000,15000000
1349,p69:r14,office,69,2,Quezon 2nd District Engineering Office,,p69:r10,p69:r10,5,7,,,,50220000,50220000
1350,p69:r15,office,69,2,Rizal 1st District Engineering Office,,p69:r10,p69:r10,5,7,,,,5000000,5000000
1351,p69:r16,office,69,2,Rizal 2nd District Engineering Office,,p69:r10,p69:r10,5,7,,,,29000000,29000000
1352,p69:r17,region,69,1,Region IVB - MIMAROPA,,p68:r18,p68:r18,4,6,,,,105500000,105500000
1353,p69:r18,office,69,2,Palawan 2nd District Engineering Office,,p69:r17,p69:r17,5,7,,,,82000000,82000000
1354,p69:r19,office,69,2,Palawan 3rd District Engineering Office,,p69:r17,p69:r17,5,7,,,,23500000,23500000
1355,p69:r20,region,69,1,Region V - Bicol,,p68:r18,p68:r18,4,6,,,,25000000,25000000
1356,p69:r21,office,69,2,Catanduanes District Engineering Office,,p69:r20,p69:r20,5,7,,,,25000000,25000000
1357,p69:r22,region,69,1,Region VI - Western Visayas,,p68:r18,p68:r18,4,6,,,,267000000,267000000
1358,p69:r23,office,69,2,Aklan District Engineering Office,,p69:r22,p69:r22,5,7,,,,15000000,15000000
1359,p69:r24,office,69,2,Antique District Engineering Office,,p69:r22,p69:r22,5,7,,,,87000000,87000000
1360,p69:r25,office,69,2,Capiz 2nd District Engineering Office,,p69:r22,p69:r22,5,7,,,,140000000,140000000
1361,p70:r0,office,70,2,Iloilo 4th District Engineering Office,,p69:r22,p69:r22,5,7,,,,25000000,25000000
1362,p70:r1,region,70,1,Negros Island Region (NIR),,p68:r18,p68:r18,4,6,,,,350484000,350484000
1363,p70:r2,office,70,2,Negros Oriental 1st District Engineering Office,,p70:r1,p70:r1,5,7,,,,134400000,134400000
1364,p70:r3,office,70,2,Negros Oriental 2nd District Engineering Office,,p70:r1,p70:r1,5,7,,,,216084000,216084000
1365,p70:r4,region,70,1,Region VIII - Eastern Visayas,,p68:r18,p68:r18,4,6,,,,450400000,450400000
1366,p70:r5,office,70,2,Eastern Samar District Engineering Office,,p70:r4,p70:r4,5,7,,,,145700000,145700000
1367,p70:r6,office,70,2,Leyte 3rd District Engineering Office,,p70:r4,p70:r4,5,7,,,,177500000,177500000
1368,p70:r7,office,70,2,Leyte 4th District Engineering Office,,p70:r4,p70:r4,5,7,,,,54000000,54000000
1369,p70:r8,office,70,2,Northern Samar 1st District Engineering Office,,p70:r4,p70:r4,5,7,,,,73200000,73200000
1370,p70:r9,region,70,1,Region IX - Zamboanga Peninsula,,p68:r18,p68:r18,4,6,,,,170537000,170537000
1371,p70:r10,office,70,2,Zamboanga City 2nd District Engineering Office,,p70:r9,p70:r9,5,7,,,,42537000,42537000
1372,p70:r11,office,70,2,Zamboanga del Norte 3rd District Engineering Office,,p70:r9,p70:r9,5,7,,,,128000000,128000000
1373,p70:r12,region,70,1,Region X - Northern Mindanao,,p68:r18,p68:r18,4,6,,,,189000000,189000000
1374,p70:r13,office,70,2,Bukidnon 1st District Engineering Office,,p70:r12,p70:r12,5,7,,,,139000000,139000000
1375,p70:r14,office,70,2,Misamis Oriental 2nd District Engineering Office,,p70:r12,p70:r12,5,7,,,,50000000,50000000
1376,p70:r15,region,70,1,Region XI - Davao,,p68:r18,p68:r18,4,6,,,,521687000,521687000
1377,p70:r16,office,70,2,Davao de Oro 1st District Engineering Office,,p70:r15,p70:r15,5,7,,,,61760000,61760000
1378,p70:r17,office,70,2,Davao de Oro 2nd District Engineering Office,,p70:r15,p70:r15,5,7,,,,131780000,131780000
1379,p70:r18,office,70,2,Davao del Norte 2nd District Engineering Office,,p70:r15,p70:r15,5,7,,,,50000000,50000000
1380,p70:r19,office,70,2,Davao del Sur District Engineering Office,,p70:r15,p70:r15,5,7,,,,40000000,40000000
1381,p70:r20,office,70,2,Davao Oriental 1st District Engineering Office,,p70:r15,p70:r15,5,7,,,,131535000,131535000
1382,p70:r21,office,70,2,Davao Oriental 2nd District Engineering Office,,p70:r15,p70:r15,5,7,,,,106612000,106612000
1383,p71:r0,region,71,1,Region XII - SOCCSKSARGEN,,p68:r18,p68:r18,4,6,,,,489045000,489045000
1384,p71:r1,office,71,2,Cotabato 1st District Engineering Office,,p71:r0,p71:r0,5,7,,,,30000000,30000000
1385,p71:r2,office,71,2,Cotabato 2nd District Engineering Office,,p71:r0,p71:r0,5,7,,,,100248000,100248000
1386,p71:r3,office,71,2,Sarangani District Engineering Office,,p71:r0,p71:r0,5,7,,,,87700000,87700000
1387,p71:r4,office,71,2,South Cotabato 2nd District Engineering Office,,p71:r0,p71:r0,5,7,,,,37500000,37500000
1388,p71:r5,office,71,2,Sultan Kudarat 2nd District Engineering Office,,p71:r0,p71:r0,5,7,,,,233597000,233597000
1389,p71:r6,region,71,1,Region XIII - CARAGA,,p68:r18,p68:r18,4,6,,,,327280000,327280000
1390,p71:r7,office,71,2,Agusan del Norte District Engineering Office,,p71:r6,p71:r6,5,7,,,,45000000,45000000
1391,p71:r8,office,71,2,Dinagat Islands District Engineering Office,,p71:r6,p71:r6,5,7,,,,137200000,137200000
1392,p71:r9,office,71,2,Surigao del Sur 1st District Engineering Office,,p71:r6,p71:r6,5,7,,,,28080000,28080000
1393,p71:r10,office,71,2,Surigao del Sur 2nd District Engineering Office,,p71:r6,p71:r6,5,7,,,,117000000,117000000
1394,p71:r11,program,71,1,Construction of New Bridges,310306000000000,p13:ph13,p60:r18,2,4,0,,,4592468000,4592468000
1395,p71:r12,activity,71,1,Construction of New Bridges,310306100136000,p71:r11,p71:r11,3,5,1,,,4592468000,4592468000
1396,p71:r13,region,71,1,National Capital Region (NCR),,p71:r12,p71:r12,4,6,,,,4268108000,4268108000
1397,p71:r14,office,71,2,Central Office,,p71:r13,p71:r13,5,7,,,,4268108000,4268108000
1398,p71:r15,region,71,1,Region II - Cagayan Valley,,p71:r12,p71:r12,4,6,,,,20000000,20000000
1399,p71:r16,office,71,2,Batanes District Engineering Office,,p71:r15,p71:r15,5,7,,,,20000000,20000000
1400,p71:r17,region,71,1,Region VI - Western Visayas,,p71:r12,p71:r12,4,6,,,,60000000,60000000
1401,p71:r18,office,71,2,Guimaras District Engineering Office,,p71:r17,p71:r17,5,7,,,,30000000,30000000
1402,p71:r19,office,71,2,Iloilo 4th District Engineering Office,,p71:r17,p71:r17,5,7,,,,30000000,30000000
1403,p71:r20,region,71,1,Negros Island Region (NIR),,p71:r12,p71:r12,4,6,,,,44000000,44000000
1404,p71:r21,office,71,2,Negros Occidental 5th District Engineering Office,,p71:r20,p71:r20,5,7,,,,17000000,17000000
1405,p71:r22,office,71,2,Negros Oriental 1st District Engineering Office,,p71:r20,p71:r20,5,7,,,,27000000,27000000
1406,p72:r0,region,72,1,Region VII - Central Visayas,,p71:r12,p71:r12,4,6,,,,20000000,20000000
1407,p72:r1,office,72,2,Cebu 2nd District Engineering Office,,p72:r0,p72:r0,5,7,,,,20000000,20000000
1408,p72:r2,region,72,1,Region IX - Zamboanga Peninsula,,p71:r12,p71:r12,4,6,,,,105360000,105360000
1409,p72:r3,office,72,2,Zamboanga del Sur 2nd District Engineering Office,,p72:r2,p72:r2,5,7,,,,105360000,105360000
1410,p72:r4,region,72,1,Region X - Northern Mindanao,,p71:r12,p71:r12,4,6,,,,45000000,45000000
1411,p72:r5,office,72,2,Camiguin District Engineering Office,,p72:r4,p72:r4,5,7,,,,45000000,45000000
1412,p72:r6,region,72,1,Region XII - SOCCSKSARGEN,,p71:r12,p71:r12,4,6,,,,30000000,30000000
1413,p72:r7,office,72,2,South Cotabato 2nd District Engineering Office,,p72:r6,p72:r6,5,7,,,,30000000,30000000
1414,p72:r8,program,72,1,FLOOD MANAGEMENT PROGRAM,320100000000000,p13:ph13,p28:r7,2,3,0,,,83846944000,83846944000
1415,p72:r9,program,72,1,Construction / Maintenance of Flood Mitigation Structures and Drainage Systems,320101000000000,p13:ph13,p72:r8,2,4,0,,,62988802000,62988802000
1416,p72:r10,activity,72,1,Construction / Maintenance of Flood Mitigation Structures and Drainage Systems,320101104029000,p72:r9,p72:r9,3,5,1,,,62988802000,62988802000
1417,p72:r11,region,72,1,National Capital Region (NCR),,p72:r10,p72:r10,4,6,,,,53111640000,53111640000
1418,p72:r12,office,72,2,Central Office,,p72:r11,p72:r11,5,7,,,,49676627000,49676627000
1419,p72:r13,office,72,2,Las Pi ñ as-Muntinlupa District Engineering Office,,p72:r11,p72:r11,5,7,,,,90000000,90000000
1420,p72:r14,office,72,2,Malabon-Navotas District Engineering Office,,p72:r11,p72:r11,5,7,,,,713123000,713123000
1421,p72:r15,office,72,2,Metro Manila 1st District Engineering Office,,p72:r11,p72:r11,5,7,,,,76775000,76775000
1422,p72:r16,office,72,2,Metro Manila 2nd District Engineering Office,,p72:r11,p72:r11,5,7,,,,508475000,508475000
1423,p72:r17,office,72,2,Metro Manila 3rd District Engineering Office,,p72:r11,p72:r11,5,7,,,,840000000,840000000
1424,p72:r18,office,72,2,North Manila District Engineering Office,,p72:r11,p72:r11,5,7,,,,665700000,665700000
1425,p72:r19,office,72,2,Quezon City 1st District Engineering Office,,p72:r11,p72:r11,5,7,,,,330940000,330940000
1426,p72:r20,office,72,2,South Manila District Engineering Office,,p72:r11,p72:r11,5,7,,,,210000000,210000000
1427,p72:r21,region,72,1,Region I - Ilocos,,p72:r10,p72:r10,4,6,,,,743770000,743770000
1428,p72:r22,office,72,2,Ilocos Norte 1st District Engineering Office,,p72:r21,p72:r21,5,7,,,,32000000,32000000
1429,p72:r23,office,72,2,Ilocos Norte 2nd District Engineering Office,,p72:r21,p72:r21,5,7,,,,35000000,35000000
1430,p73:r0,office,73,2,La Union 2nd District Engineering Office,,p72:r21,p72:r21,5,7,,,,39270000,39270000
1431,p73:r1,office,73,2,Pangasinan 2nd District Engineering Office,,p72:r21,p72:r21,5,7,,,,71000000,71000000
1432,p73:r2,office,73,2,Pangasinan 3rd District Engineering Office,,p72:r21,p72:r21,5,7,,,,50000000,50000000
1433,p73:r3,office,73,2,Pangasinan 4th District Engineering Office,,p72:r21,p72:r21,5,7,,,,516500000,516500000
1434,p73:r4,region,73,1,Cordillera Administrative Region (CAR),,p72:r10,p72:r10,4,6,,,,106000000,106000000
1435,p73:r5,office,73,2,Apayao 1st District Engineering Office,,p73:r4,p73:r4,5,7,,,,86000000,86000000
1436,p73:r6,office,73,2,Apayao 2nd District Engineering Office,,p73:r4,p73:r4,5,7,,,,15000000,15000000
1437,p73:r7,office,73,2,Mountain Province First District Engineering Office,,p73:r4,p73:r4,5,7,,,,5000000,5000000
1438,p73:r8,region,73,1,Region II - Cagayan Valley,,p72:r10,p72:r10,4,6,,,,597642000,597642000
1439,p73:r9,office,73,2,Batanes District Engineering Office,,p73:r8,p73:r8,5,7,,,,135000000,135000000
1440,p73:r10,office,73,2,Cagayan 3rd District Engineering Office,,p73:r8,p73:r8,5,7,,,,90000000,90000000
1441,p73:r11,office,73,2,Isabela 1st District Engineering Office,,p73:r8,p73:r8,5,7,,,,241390000,241390000
1442,p73:r12,office,73,2,Isabela 4th District Engineering Office,,p73:r8,p73:r8,5,7,,,,117000000,117000000
1443,p73:r13,office,73,2,Quirino District Engineering Office,,p73:r8,p73:r8,5,7,,,,14252000,14252000
1444,p73:r14,region,73,1,Region III - Central Luzon,,p72:r10,p72:r10,4,6,,,,2047936000,2047936000
1445,p73:r15,office,73,2,Aurora District Engineering Office,,p73:r14,p73:r14,5,7,,,,130000000,130000000
1446,p73:r16,office,73,2,Bataan 1st District Engineering Office,,p73:r14,p73:r14,5,7,,,,67000000,67000000
1447,p73:r17,office,73,2,Bataan 2nd District Engineering Office,,p73:r14,p73:r14,5,7,,,,36388000,36388000
1448,p73:r18,office,73,2,Bataan 3rd District Engineering Office,,p73:r14,p73:r14,5,7,,,,172440000,172440000
1449,p73:r19,office,73,2,Bulacan 1st District Engineering Office,,p73:r14,p73:r14,5,7,,,,20650000,20650000
1450,p73:r20,office,73,2,Bulacan 2nd District Engineering Office,,p73:r14,p73:r14,5,7,,,,415000000,415000000
1451,p73:r21,office,73,2,Bulacan 3rd District Engineering Office,,p73:r14,p73:r14,5,7,,,,22600000,22600000
1452,p73:r22,office,73,2,Nueva Ecija 1st District Engineering Office,,p73:r14,p73:r14,5,7,,,,585870000,585870000
1453,p73:r23,office,73,2,Nueva Ecija 2nd District Engineering Office,,p73:r14,p73:r14,5,7,,,,50000000,50000000
1454,p73:r24,office,73,2,Pampanga 1st District Engineering Office,,p73:r14,p73:r14,5,7,,,,99010000,99010000
1455,p74:r0,office,74,2,Pampanga 2nd District Engineering Office,,p73:r14,p73:r14,5,7,,,,10000000,10000000
1456,p74:r1,office,74,2,Pampanga 3rd District Engineering Office,,p73:r14,p73:r14,5,7,,,,306403000,306403000
1457,p74:r2,office,74,2,Tarlac District Engineering Office,,p73:r14,p73:r14,5,7,,,,62575000,62575000
1458,p74:r3,office,74,2,Zambales 2nd District Engineering Office,,p73:r14,p73:r14,5,7,,,,70000000,70000000
1459,p74:r4,region,74,1,Region IVA - CALABARZON,,p72:r10,p72:r10,4,6,,,,2132500000,2132500000
1460,p74:r5,office,74,2,Batangas 2nd District Engineering Office,,p74:r4,p74:r4,5,7,,,,190000000,190000000
1461,p74:r6,office,74,2,Batangas 3rd District Engineering Office,,p74:r4,p74:r4,5,7,,,,98000000,98000000
1462,p74:r7,office,74,2,Batangas 4th District Engineering Office,,p74:r4,p74:r4,5,7,,,,88000000,88000000
1463,p74:r8,office,74,2,Cavite 2nd District Engineering Office,,p74:r4,p74:r4,5,7,,,,30000000,30000000
1464,p74:r9,office,74,2,Cavite District Engineering Office,,p74:r4,p74:r4,5,7,,,,276000000,276000000
1465,p74:r10,office,74,2,Cavite Third District Engineering Office,,p74:r4,p74:r4,5,7,,,,120000000,120000000
1466,p74:r11,office,74,2,Laguna 1st District Engineering Office,,p74:r4,p74:r4,5,7,,,,42000000,42000000
1467,p74:r12,office,74,2,Laguna 2nd District Engineering Office,,p74:r4,p74:r4,5,7,,,,261500000,261500000
1468,p74:r13,office,74,2,Laguna 3rd District Engineering Office,,p74:r4,p74:r4,5,7,,,,14000000,14000000
1469,p74:r14,office,74,2,Quezon 1st District Engineering Office,,p74:r4,p74:r4,5,7,,,,30000000,30000000
1470,p74:r15,office,74,2,Quezon 2nd District Engineering Office,,p74:r4,p74:r4,5,7,,,,48000000,48000000
1471,p74:r16,office,74,2,Quezon 3rd District Engineering Office,,p74:r4,p74:r4,5,7,,,,80000000,80000000
1472,p74:r17,office,74,2,Rizal 1st District Engineering Office,,p74:r4,p74:r4,5,7,,,,855000000,855000000
1473,p74:r18,region,74,1,Region IVB - MIMAROPA,,p72:r10,p72:r10,4,6,,,,411500000,411500000
1474,p74:r19,office,74,2,Marinduque District Engineering Office,,p74:r18,p74:r18,5,7,,,,10500000,10500000
1475,p74:r20,office,74,2,Mindoro Occidental District Engineering Office,,p74:r18,p74:r18,5,7,,,,300000000,300000000
1476,p74:r21,office,74,2,Mindoro Oriental District Engineering Office,,p74:r18,p74:r18,5,7,,,,25000000,25000000
1477,p74:r22,office,74,2,Palawan 1st District Engineering Office,,p74:r18,p74:r18,5,7,,,,26000000,26000000
1478,p74:r23,office,74,2,Palawan 2nd District Engineering Office,,p74:r18,p74:r18,5,7,,,,40000000,40000000
1479,p74:r24,office,74,2,Southern Mindoro District Engineering Office,,p74:r18,p74:r18,5,7,,,,10000000,10000000
1480,p75:r0,region,75,1,Region V - Bicol,,p72:r10,p72:r10,4,6,,,,218000000,218000000
1481,p75:r1,office,75,2,Albay 1st District Engineering Office,,p75:r0,p75:r0,5,7,,,,30000000,30000000
1482,p75:r2,office,75,2,Camarines Norte District Engineering Office,,p75:r0,p75:r0,5,7,,,,5000000,5000000
1483,p75:r3,office,75,2,Camarines Sur 4th District Engineering Office,,p75:r0,p75:r0,5,7,,,,70000000,70000000
1484,p75:r4,office,75,2,Catanduanes District Engineering Office,,p75:r0,p75:r0,5,7,,,,51000000,51000000
1485,p75:r5,office,75,2,Masbate 3rd District Engineering Office,,p75:r0,p75:r0,5,7,,,,35000000,35000000
1486,p75:r6,office,75,2,Sorsogon District Engineering Office,,p75:r0,p75:r0,5,7,,,,27000000,27000000
1487,p75:r7,region,75,1,Region VI - Western Visayas,,p72:r10,p72:r10,4,6,,,,303350000,303350000
1488,p75:r8,office,75,2,Aklan District Engineering Office,,p75:r7,p75:r7,5,7,,,,104000000,104000000
1489,p75:r9,office,75,2,Antique District Engineering Office,,p75:r7,p75:r7,5,7,,,,8250000,8250000
1490,p75:r10,office,75,2,Capiz 1st District Engineering Office,,p75:r7,p75:r7,5,7,,,,64000000,64000000
1491,p75:r11,office,75,2,Guimaras District Engineering Office,,p75:r7,p75:r7,5,7,,,,5000000,5000000
1492,p75:r12,office,75,2,Iloilo 3rd District Engineering Office,,p75:r7,p75:r7,5,7,,,,5000000,5000000
1493,p75:r13,office,75,2,Iloilo City District Engineering Office,,p75:r7,p75:r7,5,7,,,,117100000,117100000
1494,p75:r14,region,75,1,Negros Island Region (NIR),,p72:r10,p72:r10,4,6,,,,320500000,320500000
1495,p75:r15,office,75,2,Bacolod City District Engineering Office,,p75:r14,p75:r14,5,7,,,,5000000,5000000
1496,p75:r16,office,75,2,Negros Occidental 1st District Engineering Office,,p75:r14,p75:r14,5,7,,,,65000000,65000000
1497,p75:r17,office,75,2,Negros Occidental 4th District Engineering Office,,p75:r14,p75:r14,5,7,,,,60000000,60000000
1498,p75:r18,office,75,2,Negros Occidental 5th District Engineering Office,,p75:r14,p75:r14,5,7,,,,85500000,85500000
1499,p75:r19,office,75,2,Negros Oriental 1st District Engineering Office,,p75:r14,p75:r14,5,7,,,,10000000,10000000
1500,p75:r20,office,75,2,Negros Oriental 2nd District Engineering Office,,p75:r14,p75:r14,5,7,,,,5000000,5000000
1501,p75:r21,office,75,2,Negros Oriental 3rd District Engineering Office,,p75:r14,p75:r14,5,7,,,,20000000,20000000
1502,p75:r22,office,75,2,Siquijor District Engineering Office,,p75:r14,p75:r14,5,7,,,,70000000,70000000
1503,p76:r0,region,76,1,Region VII - Central Visayas,,p72:r10,p72:r10,4,6,,,,978840000,978840000
1504,p76:r1,office,76,2,Bohol 2nd District Engineering Office,,p76:r0,p76:r0,5,7,,,,5000000,5000000
1505,p76:r2,office,76,2,Cebu 5th District Engineering Office,,p76:r0,p76:r0,5,7,,,,51000000,51000000
1506,p76:r3,office,76,2,Cebu 6th District Engineering Office,,p76:r0,p76:r0,5,7,,,,635490000,635490000
1507,p76:r4,office,76,2,Cebu 7th District Engineering Office,,p76:r0,p76:r0,5,7,,,,51350000,51350000
1508,p76:r5,office,76,2,Cebu City District Engineering Office,,p76:r0,p76:r0,5,7,,,,236000000,236000000
1509,p76:r6,region,76,1,Region VIII - Eastern Visayas,,p72:r10,p72:r10,4,6,,,,270800000,270800000
1510,p76:r7,office,76,2,Biliran District Engineering Office,,p76:r6,p76:r6,5,7,,,,81000000,81000000
1511,p76:r8,office,76,2,Eastern Samar District Engineering Office,,p76:r6,p76:r6,5,7,,,,14500000,14500000
1512,p76:r9,office,76,2,Northern Samar 1st District Engineering Office,,p76:r6,p76:r6,5,7,,,,2300000,2300000
1513,p76:r10,office,76,2,Northern Samar 2nd District Engineering Office,,p76:r6,p76:r6,5,7,,,,5000000,5000000
1514,p76:r11,office,76,2,Samar 1st District Engineering Office,,p76:r6,p76:r6,5,7,,,,85000000,85000000
1515,p76:r12,office,76,2,Tacloban City District Engineering Office,,p76:r6,p76:r6,5,7,,,,83000000,83000000
1516,p76:r13,region,76,1,Region IX - Zamboanga Peninsula,,p72:r10,p72:r10,4,6,,,,364884000,364884000
1517,p76:r14,office,76,2,Zamboanga City 1st District Engineering Office,,p76:r13,p76:r13,5,7,,,,50000000,50000000
1518,p76:r15,office,76,2,Zamboanga City 2nd District Engineering Office,,p76:r13,p76:r13,5,7,,,,40150000,40150000
1519,p76:r16,office,76,2,Zamboanga del Norte 1st District Engineering Office,,p76:r13,p76:r13,5,7,,,,50000000,50000000
1520,p76:r17,office,76,2,Zamboanga del Norte 2nd District Engineering Office,,p76:r13,p76:r13,5,7,,,,139500000,139500000
1521,p76:r18,office,76,2,Zamboanga del Norte 3rd District Engineering Office,,p76:r13,p76:r13,5,7,,,,65234000,65234000
1522,p76:r19,office,76,2,Zamboanga del Sur 2nd District Engineering Office,,p76:r13,p76:r13,5,7,,,,20000000,20000000
1523,p76:r20,region,76,1,Region X - Northern Mindanao,,p72:r10,p72:r10,4,6,,,,599820000,599820000
1524,p76:r21,office,76,2,Cagayan de Oro City 1st District Engineering,,p76:r20,p76:r20,5,7,,,,172000000,172000000
1525,p76:r22,office,76,2,Office Cagayan de Oro City 2nd District Engineering Office,,p76:r20,p76:r20,5,7,,,,84000000,84000000
1526,p77:r0,office,77,2,Camiguin District Engineering Office,,p76:r20,p76:r20,5,7,,,,247000000,247000000
1527,p77:r1,office,77,2,Lanao del Norte 1st District Engineering Office,,p76:r20,p76:r20,5,7,,,,8000000,8000000
1528,p77:r2,office,77,2,Misamis Occidental District Engineering Office,,p76:r20,p76:r20,5,7,,,,66660000,66660000
1529,p77:r3,office,77,2,Misamis Oriental 1st District Engineering Office,,p76:r20,p76:r20,5,7,,,,22160000,22160000
1530,p77:r4,region,77,1,Region XII - SOCCSKSARGEN,,p72:r10,p72:r10,4,6,,,,180340000,180340000
1531,p77:r5,office,77,2,Cotabato 1st District Engineering Office,,p77:r4,p77:r4,5,7,,,,68000000,68000000
1532,p77:r6,office,77,2,Cotabato 3rd District Engineering Office,,p77:r4,p77:r4,5,7,,,,50000000,50000000
1533,p77:r7,office,77,2,Sultan Kudarat 2nd District Engineering Office,,p77:r4,p77:r4,5,7,,,,62340000,62340000
1534,p77:r8,region,77,1,Region XIII - CARAGA,,p72:r10,p72:r10,4,6,,,,601280000,601280000
1535,p77:r9,office,77,2,Butuan City District Engineering Office,,p77:r8,p77:r8,5,7,,,,268000000,268000000
1536,p77:r10,office,77,2,Surigao del Norte 2nd District Engineering Office,,p77:r8,p77:r8,5,7,,,,50000000,50000000
1537,p77:r11,office,77,2,Surigao del Sur 1st District Engineering Office,,p77:r8,p77:r8,5,7,,,,198280000,198280000
1538,p77:r12,office,77,2,Surigao del Sur 2nd District Engineering Office,,p77:r8,p77:r8,5,7,,,,85000000,85000000
1539,p77:r13,program,77,1,Construction / Rehabilitation of Flood Mitigation Facilities within Major River Basins and Principal Rivers,320102000000000,p13:ph13,p72:r8,2,4,0,,,20858142000,20858142000
1540,p77:r14,activity,77,1,Construction / Rehabilitation of Flood Mitigation Facilities within Major River Basins and Principal Rivers,320102101001000,p77:r13,p77:r13,3,5,1,,,20858142000,20858142000
1541,p77:r15,region,77,1,National Capital Region (NCR),,p77:r14,p77:r14,4,6,,,,20346050000,20346050000
1542,p77:r16,office,77,2,Central Office,,p77:r15,p77:r15,5,7,,,,19752050000,19752050000
1543,p77:r17,office,77,2,Las Pi ñ as-Muntinlupa District Engineering,,p77:r15,p77:r15,5,7,,,,440000000,440000000
1544,p77:r18,office,77,2,Office Metro Manila 1st District Engineering,,p77:r15,p77:r15,5,7,,,,139000000,139000000
1545,p77:r19,office,77,2,Office Quezon City 1st District Engineering Office,,p77:r15,p77:r15,5,7,,,,15000000,15000000
1546,p77:r20,region,77,1,Cordillera Administrative Region (CAR),,p77:r14,p77:r14,4,6,,,,25000000,25000000
1547,p77:r21,office,77,2,Apayao 2nd District Engineering Office,,p77:r20,p77:r20,5,7,,,,25000000,25000000
1548,p78:r0,region,78,1,Region II - Cagayan Valley,,p77:r14,p77:r14,4,6,,,,80000000,80000000
1549,p78:r1,office,78,2,Cagayan 1st District Engineering Office,,p78:r0,p78:r0,5,7,,,,50000000,50000000
1550,p78:r2,office,78,2,Isabela 1st District Engineering Office,,p78:r0,p78:r0,5,7,,,,30000000,30000000
1551,p78:r3,region,78,1,Region III - Central Luzon,,p77:r14,p77:r14,4,6,,,,225000000,225000000
1552,p78:r4,office,78,2,Bulacan 1st District Engineering Office,,p78:r3,p78:r3,5,7,,,,13000000,13000000
1553,p78:r5,office,78,2,Nueva Ecija 1st District Engineering Office,,p78:r3,p78:r3,5,7,,,,50000000,50000000
1554,p78:r6,office,78,2,Nueva Ecija 2nd District Engineering Office,,p78:r3,p78:r3,5,7,,,,12000000,12000000
1555,p78:r7,office,78,2,Pampanga 2nd District Engineering Office,,p78:r3,p78:r3,5,7,,,,150000000,150000000
1556,p78:r8,region,78,1,Region IVA - CALABARZON,,p77:r14,p77:r14,4,6,,,,15000000,15000000
1557,p78:r9,office,78,2,Cavite District Engineering Office,,p78:r8,p78:r8,5,7,,,,15000000,15000000
1558,p78:r10,region,78,1,Region VI - Western Visayas,,p77:r14,p77:r14,4,6,,,,66500000,66500000
1559,p78:r11,office,78,2,Aklan District Engineering Office,,p78:r10,p78:r10,5,7,,,,12000000,12000000
1560,p78:r12,office,78,2,Iloilo 2nd District Engineering Office,,p78:r10,p78:r10,5,7,,,,10000000,10000000
1561,p78:r13,office,78,2,Iloilo 4th District Engineering Office,,p78:r10,p78:r10,5,7,,,,4000000,4000000
1562,p78:r14,office,78,2,Iloilo 6th District Engineering Office,,p78:r10,p78:r10,5,7,,,,40500000,40500000
1563,p78:r15,region,78,1,Negros Island Region (NIR),,p77:r14,p77:r14,4,6,,,,5812000,5812000
1564,p78:r16,office,78,2,Negros Occidental 2nd District Engineering Office,,p78:r15,p78:r15,5,7,,,,5812000,5812000
1565,p78:r17,region,78,1,Region VIII - Eastern Visayas,,p77:r14,p77:r14,4,6,,,,4780000,4780000
1566,p78:r18,office,78,2,Leyte 1st District Engineering Office,,p78:r17,p78:r17,5,7,,,,4780000,4780000
1567,p78:r19,region,78,1,Region XI - Davao,,p77:r14,p77:r14,4,6,,,,40000000,40000000
1568,p78:r20,office,78,2,Davao del Norte District Engineering Office,,p78:r19,p78:r19,5,7,,,,40000000,40000000
1569,p78:r21,region,78,1,Region XII - SOCCSKSARGEN,,p77:r14,p77:r14,4,6,,,,50000000,50000000
1570,p78:r22,office,78,2,Cotabato 3rd District Engineering Office,,p78:r21,p78:r21,5,7,,,,50000000,50000000
1571,p79:r0,program,79,1,CONVERGENCE AND SPECIAL SUPPORT PROGRAM Rehabilitation of Disaster-Related Infrastructure and Other Facilities,300200000000000,p13:ph13,p28:r7,2,3,0,,,1000000000,1000000000
1572,p79:r1,region,79,1,National Capital Region (NCR),,p79:r0,p79:r0,3,4,,,,1000000000,1000000000
1573,p79:r2,office,79,2,Central Office,,p79:r1,p79:r1,4,5,,,,1000000000,1000000000
1574,p79:r3,program,79,1,Construction / Rehabilitation of Water Supply / Septage and Sewerage / Rain Water Collector Systems Construction / Rehabilitation of Water Supply / Septage and Sewerage / Rainwater Collector System,300205000000000,p13:ph13,p79:r0,2,4,0,,,7298600000,7298600000
1575,p79:r4,region,79,1,National Capital Region (NCR),,p79:r3,p79:r3,3,5,,,,3645200000,3645200000
1576,p79:r5,office,79,2,Central Office,,p79:r4,p79:r4,4,6,,,,3645200000,3645200000
1577,p79:r6,region,79,1,Region I - Ilocos,,p79:r3,p79:r3,3,5,,,,563000000,563000000
1578,p79:r7,office,79,2,Ilocos Sur 2nd District Engineering Office,,p79:r6,p79:r6,4,6,,,,15000000,15000000
1579,p79:r8,office,79,2,La Union 2nd District Engineering Office,,p79:r6,p79:r6,4,6,,,,143000000,143000000
1580,p79:r9,office,79,2,Pangasinan 1st District Engineering Office,,p79:r6,p79:r6,4,6,,,,5000000,5000000
1581,p79:r10,office,79,2,Pangasinan 3rd District Engineering Office,,p79:r6,p79:r6,4,6,,,,400000000,400000000
1582,p79:r11,region,79,1,Cordillera Administrative Region (CAR),,p79:r3,p79:r3,3,5,,,,253000000,253000000
1583,p79:r12,office,79,2,Abra District Engineering Office,,p79:r11,p79:r11,4,6,,,,210000000,210000000
1584,p79:r13,office,79,2,Apayao 2nd District Engineering Office,,p79:r11,p79:r11,4,6,,,,5000000,5000000
1585,p79:r14,office,79,2,Benguet 2nd District Engineering Office,,p79:r11,p79:r11,4,6,,,,30000000,30000000
1586,p79:r15,office,79,2,Mountain Province First District Engineering Office,,p79:r11,p79:r11,4,6,,,,3000000,3000000
1587,p79:r16,office,79,2,Upper Kalinga District Engineering Office,,p79:r11,p79:r11,4,6,,,,5000000,5000000
1588,p79:r17,region,79,1,Region II - Cagayan Valley,,p79:r3,p79:r3,3,5,,,,330000000,330000000
1589,p79:r18,office,79,2,Batanes District Engineering Office,,p79:r17,p79:r17,4,6,,,,10000000,10000000
1590,p79:r19,office,79,2,Cagayan 1st District Engineering Office,,p79:r17,p79:r17,4,6,,,,15000000,15000000
1591,p79:r20,office,79,2,Cagayan 2nd District Engineering Office,,p79:r17,p79:r17,4,6,,,,5000000,5000000
1592,p79:r21,office,79,2,Cagayan 3rd District Engineering Office,,p79:r17,p79:r17,4,6,,,,65000000,65000000
1593,p79:r22,office,79,2,Isabela 1st District Engineering Office,,p79:r17,p79:r17,4,6,,,,145000000,145000000
1594,p80:r0,office,80,2,Isabela 3rd District Engineering Office,,p79:r17,p79:r17,4,6,,,,55000000,55000000
1595,p80:r1,office,80,2,Isabela 4th District Engineering Office,,p79:r17,p79:r17,4,6,,,,30000000,30000000
1596,p80:r2,office,80,2,Quirino District Engineering Office,,p79:r17,p79:r17,4,6,,,,5000000,5000000
1597,p80:r3,region,80,1,Region III - Central Luzon,,p79:r3,p79:r3,3,5,,,,334000000,334000000
1598,p80:r4,office,80,2,Bataan 1st District Engineering Office,,p80:r3,p80:r3,4,6,,,,20000000,20000000
1599,p80:r5,office,80,2,Bataan 2nd District Engineering Office,,p80:r3,p80:r3,4,6,,,,5000000,5000000
1600,p80:r6,office,80,2,Bataan 3rd District Engineering Office,,p80:r3,p80:r3,4,6,,,,20000000,20000000
1601,p80:r7,office,80,2,Bulacan 2nd District Engineering Office,,p80:r3,p80:r3,4,6,,,,20000000,20000000
1602,p80:r8,office,80,2,Nueva Ecija 1st District Engineering Office,,p80:r3,p80:r3,4,6,,,,120000000,120000000
1603,p80:r9,office,80,2,Nueva Ecija 2nd District Engineering Office,,p80:r3,p80:r3,4,6,,,,7000000,7000000
1604,p80:r10,office,80,2,Tarlac District Engineering Office,,p80:r3,p80:r3,4,6,,,,20000000,20000000
1605,p80:r11,office,80,2,Zambales 1st District Engineering Office,,p80:r3,p80:r3,4,6,,,,37000000,37000000
1606,p80:r12,office,80,2,Zambales 2nd District Engineering Office,,p80:r3,p80:r3,4,6,,,,85000000,85000000
1607,p80:r13,region,80,1,Region IVA - CALABARZON,,p79:r3,p79:r3,3,5,,,,471000000,471000000
1608,p80:r14,office,80,2,Batangas 2nd District Engineering Office,,p80:r13,p80:r13,4,6,,,,85000000,85000000
1609,p80:r15,office,80,2,Batangas 3rd District Engineering Office,,p80:r13,p80:r13,4,6,,,,28000000,28000000
1610,p80:r16,office,80,2,Batangas 4th District Engineering Office,,p80:r13,p80:r13,4,6,,,,25000000,25000000
1611,p80:r17,office,80,2,Cavite 2nd District Engineering Office,,p80:r13,p80:r13,4,6,,,,180000000,180000000
1612,p80:r18,office,80,2,Laguna 2nd District Engineering Office,,p80:r13,p80:r13,4,6,,,,20000000,20000000
1613,p80:r19,office,80,2,Quezon 1st District Engineering Office,,p80:r13,p80:r13,4,6,,,,38500000,38500000
1614,p80:r20,office,80,2,Quezon 2nd District Engineering Office,,p80:r13,p80:r13,4,6,,,,27500000,27500000
1615,p80:r21,office,80,2,Quezon 3rd District Engineering Office,,p80:r13,p80:r13,4,6,,,,7000000,7000000
1616,p80:r22,office,80,2,Quezon 4th District Engineering Office,,p80:r13,p80:r13,4,6,,,,30000000,30000000
1617,p80:r23,office,80,2,Rizal 1st District Engineering Office,,p80:r13,p80:r13,4,6,,,,30000000,30000000
1618,p81:r0,region,81,1,Region IVB - MIMAROPA,,p79:r3,p79:r3,3,5,,,,205500000,205500000
1619,p81:r1,office,81,2,Mindoro Occidental District Engineering Office,,p81:r0,p81:r0,4,6,,,,61500000,61500000
1620,p81:r2,office,81,2,Palawan 1st District Engineering Office,,p81:r0,p81:r0,4,6,,,,84000000,84000000
1621,p81:r3,office,81,2,Palawan 2nd District Engineering Office,,p81:r0,p81:r0,4,6,,,,50000000,50000000
1622,p81:r4,office,81,2,Palawan 3rd District Engineering Office,,p81:r0,p81:r0,4,6,,,,10000000,10000000
1623,p81:r5,region,81,1,Region V - Bicol,,p79:r3,p79:r3,3,5,,,,275500000,275500000
1624,p81:r6,office,81,2,Albay 1st District Engineering Office,,p81:r5,p81:r5,4,6,,,,80000000,80000000
1625,p81:r7,office,81,2,Albay 3rd District Engineering Office,,p81:r5,p81:r5,4,6,,,,100000000,100000000
1626,p81:r8,office,81,2,Camarines Sur 1st District Engineering Office,,p81:r5,p81:r5,4,6,,,,57000000,57000000
1627,p81:r9,office,81,2,Catanduanes District Engineering Office,,p81:r5,p81:r5,4,6,,,,28500000,28500000
1628,p81:r10,office,81,2,Masbate 3rd District Engineering Office,,p81:r5,p81:r5,4,6,,,,5000000,5000000
1629,p81:r11,office,81,2,Sorsogon 2nd District Engineering Office,,p81:r5,p81:r5,4,6,,,,5000000,5000000
1630,p81:r12,region,81,1,Region VI - Western Visayas,,p79:r3,p79:r3,3,5,,,,55000000,55000000
1631,p81:r13,office,81,2,Aklan District Engineering Office,,p81:r12,p81:r12,4,6,,,,3000000,3000000
1632,p81:r14,office,81,2,Capiz 2nd District Engineering Office,,p81:r12,p81:r12,4,6,,,,22000000,22000000
1633,p81:r15,office,81,2,Guimaras District Engineering Office,,p81:r12,p81:r12,4,6,,,,30000000,30000000
1634,p81:r16,region,81,1,Negros Island Region (NIR),,p79:r3,p79:r3,3,5,,,,124000000,124000000
1635,p81:r17,office,81,2,Bacolod City District Engineering Office,,p81:r16,p81:r16,4,6,,,,31500000,31500000
1636,p81:r18,office,81,2,Negros Occidental 1st District Engineering Office,,p81:r16,p81:r16,4,6,,,,15000000,15000000
1637,p81:r19,office,81,2,Negros Occidental 3rd District Engineering Office,,p81:r16,p81:r16,4,6,,,,18000000,18000000
1638,p81:r20,office,81,2,Negros Occidental 4th District Engineering Office,,p81:r16,p81:r16,4,6,,,,14000000,14000000
1639,p81:r21,office,81,2,Negros Oriental 1st District Engineering Office,,p81:r16,p81:r16,4,6,,,,10500000,10500000
1640,p81:r22,office,81,2,Negros Oriental 3rd District Engineering Office,,p81:r16,p81:r16,4,6,,,,35000000,35000000
1641,p82:r0,region,82,1,Region VII - Central Visayas,,p79:r3,p79:r3,3,5,,,,225000000,225000000
1642,p82:r1,office,82,2,Bohol 1st District Engineering Office,,p82:r0,p82:r0,4,6,,,,50000000,50000000
1643,p82:r2,office,82,2,Bohol 2nd District Engineering Office,,p82:r0,p82:r0,4,6,,,,95000000,95000000
1644,p82:r3,office,82,2,Cebu 1st District Engineering Office,,p82:r0,p82:r0,4,6,,,,25000000,25000000
1645,p82:r4,office,82,2,Cebu 2nd District Engineering Office,,p82:r0,p82:r0,4,6,,,,20000000,20000000
1646,p82:r5,office,82,2,Cebu 5th District Engineering Office,,p82:r0,p82:r0,4,6,,,,35000000,35000000
1647,p82:r6,region,82,1,Region VIII - Eastern Visayas,,p79:r3,p79:r3,3,5,,,,62400000,62400000
1648,p82:r7,office,82,2,Leyte 3rd District Engineering Office,,p82:r6,p82:r6,4,6,,,,5000000,5000000
1649,p82:r8,office,82,2,Leyte 5th District Engineering Office,,p82:r6,p82:r6,4,6,,,,17500000,17500000
1650,p82:r9,office,82,2,Northern Samar 1st District Engineering Office,,p82:r6,p82:r6,4,6,,,,39900000,39900000
1651,p82:r10,region,82,1,Region IX - Zamboanga Peninsula,,p79:r3,p79:r3,3,5,,,,93500000,93500000
1652,p82:r11,office,82,2,Zamboanga del Norte 2nd District Engineering Office,,p82:r10,p82:r10,4,6,,,,20000000,20000000
1653,p82:r12,office,82,2,Zamboanga del Norte 3rd District Engineering Office,,p82:r10,p82:r10,4,6,,,,2500000,2500000
1654,p82:r13,office,82,2,Zamboanga Sibugay 1st District Engineering Office,,p82:r10,p82:r10,4,6,,,,66000000,66000000
1655,p82:r14,office,82,2,Zamboanga Sibugay 2nd District Engineering Office,,p82:r10,p82:r10,4,6,,,,5000000,5000000
1656,p82:r15,region,82,1,Region X - Northern Mindanao,,p79:r3,p79:r3,3,5,,,,132000000,132000000
1657,p82:r16,office,82,2,Cagayan de Oro City 1st District Engineering Office,,p82:r15,p82:r15,4,6,,,,60000000,60000000
1658,p82:r17,office,82,2,Iligan City District Engineering Office,,p82:r15,p82:r15,4,6,,,,12000000,12000000
1659,p82:r18,office,82,2,Lanao del Norte 1st District Engineering Office,,p82:r15,p82:r15,4,6,,,,30000000,30000000
1660,p82:r19,office,82,2,Misamis Oriental 2nd District Engineering,,p82:r15,p82:r15,4,6,,,,30000000,30000000
1661,p82:r20,region,82,1,Office Region XI - Davao,,p79:r3,p79:r3,3,5,,,,443500000,443500000
1662,p82:r21,office,82,2,Davao de Oro 1st District Engineering,,p82:r20,p82:r20,4,6,,,,144500000,144500000
1663,p82:r22,office,82,2,Office Davao del Norte 2nd District Engineering Office,,p82:r20,p82:r20,4,6,,,,60000000,60000000
1664,p83:r0,office,83,2,Davao del Norte District Engineering Office,,p82:r20,p82:r20,4,6,,,,36000000,36000000
1665,p83:r1,office,83,2,Davao del Sur District Engineering Office,,p82:r20,p82:r20,4,6,,,,203000000,203000000
1666,p83:r2,region,83,1,Region XII - SOCCSKSARGEN,,p79:r3,p79:r3,3,5,,,,58500000,58500000
1667,p83:r3,office,83,2,Cotabato 1st District Engineering Office,,p83:r2,p83:r2,4,6,,,,11000000,11000000
1668,p83:r4,office,83,2,Cotabato 2nd District Engineering Office,,p83:r2,p83:r2,4,6,,,,17000000,17000000
1669,p83:r5,office,83,2,Cotabato 3rd District Engineering Office,,p83:r2,p83:r2,4,6,,,,25000000,25000000
1670,p83:r6,office,83,2,South Cotabato 2nd District Engineering Office,,p83:r2,p83:r2,4,6,,,,5500000,5500000
1671,p83:r7,region,83,1,Region XIII - CARAGA,,p79:r3,p79:r3,3,5,,,,27500000,27500000
1672,p83:r8,office,83,2,Dinagat Islands District Engineering Office,,p83:r7,p83:r7,4,6,,,,10000000,10000000
1673,p83:r9,office,83,2,Surigao del Norte 2nd District Engineering Office,,p83:r7,p83:r7,4,6,,,,17500000,17500000
1674,p83:r10,program,83,1,"Construction / Rehabilitation / Improvement of Facilities for Persons with Disabilities (PWD) and Elderlies / Senior Citizens, including Gender Responsive Facilities Construction / Rehabilitation / Improvement of Facilities for Persons with Disabilities (PWD) and Elderlies / Senior Citizens, including Gender-Responsive Facilities",300213000000000,p13:ph13,p28:r7,2,3,0,,,510000000,510000000
1675,p83:r11,region,83,1,National Capital Region (NCR),,p83:r10,p83:r10,3,4,,,,510000000,510000000
1676,p83:r12,office,83,2,Central Office,,p83:r11,p83:r11,4,5,,,,510000000,510000000
1677,p83:r13,program,83,1,Basic Infrastructure Program (BIP) Access Roads and / or Bridges from the National Road / s leading to Major / Strategic Public Buildings / Facilities Basic Infrastructure Program (BIP ) - Access Roads and / or Bridges from the National Roads leading to Major / Strategic Public,300221000000000,p13:ph13,p28:r7,2,3,0,,,105725209000,105725209000
1678,p83:r14,region,83,1,Buildings / Facilities National Capital Region (NCR),,p83:r13,p83:r13,3,4,,,,68573295000,68573295000
1679,p83:r15,office,83,2,Central Office,,p83:r14,p83:r14,4,5,,,,65461649000,65461649000
1680,p83:r16,office,83,2,Las Pi ñ as-Muntinlupa District Engineering,,p83:r14,p83:r14,4,5,,,,357000000,357000000
1681,p83:r17,office,83,2,Office Malabon-Navotas District Engineering Office,,p83:r14,p83:r14,4,5,,,,35000000,35000000
1682,p83:r18,office,83,2,Metro Manila 1st District Engineering Office,,p83:r14,p83:r14,4,5,,,,378000000,378000000
1683,p84:r0,office,84,2,Metro Manila 2nd District Engineering Office,,p83:r14,p83:r14,4,5,,,,9800000,9800000
1684,p84:r1,office,84,2,Metro Manila 3rd District Engineering Office,,p83:r14,p83:r14,4,5,,,,1555196000,1555196000
1685,p84:r2,office,84,2,Quezon City 1st District Engineering Office,,p83:r14,p83:r14,4,5,,,,425650000,425650000
1686,p84:r3,office,84,2,Quezon City 2nd District Engineering Office,,p83:r14,p83:r14,4,5,,,,95000000,95000000
1687,p84:r4,office,84,2,South Manila District Engineering Office,,p83:r14,p83:r14,4,5,,,,256000000,256000000
1688,p84:r5,region,84,1,Region I - Ilocos,,p83:r13,p83:r13,3,4,,,,2172330000,2172330000
1689,p84:r6,office,84,2,Ilocos Norte 1st District Engineering Office,,p84:r5,p84:r5,4,5,,,,207000000,207000000
1690,p84:r7,office,84,2,Ilocos Norte 2nd District Engineering Office,,p84:r5,p84:r5,4,5,,,,303000000,303000000
1691,p84:r8,office,84,2,Ilocos Sur 1st District Engineering Office,,p84:r5,p84:r5,4,5,,,,20000000,20000000
1692,p84:r9,office,84,2,La Union 1st District Engineering Office,,p84:r5,p84:r5,4,5,,,,85000000,85000000
1693,p84:r10,office,84,2,La Union 2nd District Engineering Office,,p84:r5,p84:r5,4,5,,,,711330000,711330000
1694,p84:r11,office,84,2,Pangasinan 1st District Engineering Office,,p84:r5,p84:r5,4,5,,,,99000000,99000000
1695,p84:r12,office,84,2,Pangasinan 2nd District Engineering Office,,p84:r5,p84:r5,4,5,,,,355000000,355000000
1696,p84:r13,office,84,2,Pangasinan 3rd District Engineering Office,,p84:r5,p84:r5,4,5,,,,317000000,317000000
1697,p84:r14,office,84,2,Pangasinan 4th District Engineering Office,,p84:r5,p84:r5,4,5,,,,75000000,75000000
1698,p84:r15,region,84,1,Cordillera Administrative Region (CAR),,p83:r13,p83:r13,3,4,,,,2388485000,2388485000
1699,p84:r16,office,84,2,Abra District Engineering Office,,p84:r15,p84:r15,4,5,,,,350000000,350000000
1700,p84:r17,office,84,2,Apayao 1st District Engineering Office,,p84:r15,p84:r15,4,5,,,,50000000,50000000
1701,p84:r18,office,84,2,Apayao 2nd District Engineering Office,,p84:r15,p84:r15,4,5,,,,50000000,50000000
1702,p84:r19,office,84,2,Baguio City District Engineering Office,,p84:r15,p84:r15,4,5,,,,190485000,190485000
1703,p84:r20,office,84,2,Benguet 1st District Engineering Office,,p84:r15,p84:r15,4,5,,,,150000000,150000000
1704,p84:r21,office,84,2,Benguet 2nd District Engineering Office,,p84:r15,p84:r15,4,5,,,,430000000,430000000
1705,p84:r22,office,84,2,Ifugao 1st District Engineering Office,,p84:r15,p84:r15,4,5,,,,115000000,115000000
1706,p84:r23,office,84,2,Ifugao 2nd District Engineering Office,,p84:r15,p84:r15,4,5,,,,160000000,160000000
1707,p85:r0,office,85,2,Lower Kalinga District Engineering Office,,p84:r15,p84:r15,4,5,,,,335000000,335000000
1708,p85:r1,office,85,2,Mountain Province 2nd District Engineering Office,,p84:r15,p84:r15,4,5,,,,125000000,125000000
1709,p85:r2,office,85,2,Mountain Province First District Engineering Office,,p84:r15,p84:r15,4,5,,,,315000000,315000000
1710,p85:r3,office,85,2,Upper Kalinga District Engineering Office,,p84:r15,p84:r15,4,5,,,,118000000,118000000
1711,p85:r4,region,85,1,Region II - Cagayan Valley,,p83:r13,p83:r13,3,4,,,,4244116000,4244116000
1712,p85:r5,office,85,2,Batanes District Engineering Office,,p85:r4,p85:r4,4,5,,,,50000000,50000000
1713,p85:r6,office,85,2,Cagayan 1st District Engineering Office,,p85:r4,p85:r4,4,5,,,,215000000,215000000
1714,p85:r7,office,85,2,Cagayan 2nd District Engineering Office,,p85:r4,p85:r4,4,5,,,,129000000,129000000
1715,p85:r8,office,85,2,Cagayan 3rd District Engineering Office,,p85:r4,p85:r4,4,5,,,,164000000,164000000
1716,p85:r9,office,85,2,Isabela 1st District Engineering Office,,p85:r4,p85:r4,4,5,,,,557000000,557000000
1717,p85:r10,office,85,2,Isabela 2nd District Engineering Office,,p85:r4,p85:r4,4,5,,,,976020000,976020000
1718,p85:r11,office,85,2,Isabela 3rd District Engineering Office,,p85:r4,p85:r4,4,5,,,,765596000,765596000
1719,p85:r12,office,85,2,Isabela 4th District Engineering Office,,p85:r4,p85:r4,4,5,,,,1117500000,1117500000
1720,p85:r13,office,85,2,Nueva Vizcaya 2nd District Engineering Office,,p85:r4,p85:r4,4,5,,,,120000000,120000000
1721,p85:r14,office,85,2,Quirino District Engineering Office,,p85:r4,p85:r4,4,5,,,,150000000,150000000
1722,p85:r15,region,85,1,Region III - Central Luzon,,p83:r13,p83:r13,3,4,,,,7201664000,7201664000
1723,p85:r16,office,85,2,Aurora District Engineering Office,,p85:r15,p85:r15,4,5,,,,30000000,30000000
1724,p85:r17,office,85,2,Bataan 1st District Engineering Office,,p85:r15,p85:r15,4,5,,,,138000000,138000000
1725,p85:r18,office,85,2,Bataan 2nd District Engineering Office,,p85:r15,p85:r15,4,5,,,,70000000,70000000
1726,p85:r19,office,85,2,Bataan 3rd District Engineering Office,,p85:r15,p85:r15,4,5,,,,125000000,125000000
1727,p85:r20,office,85,2,Bulacan 1st District Engineering Office,,p85:r15,p85:r15,4,5,,,,1266230000,1266230000
1728,p85:r21,office,85,2,Bulacan 2nd District Engineering Office,,p85:r15,p85:r15,4,5,,,,2262000000,2262000000
1729,p85:r22,office,85,2,Bulacan 3rd District Engineering Office,,p85:r15,p85:r15,4,5,,,,215000000,215000000
1730,p85:r23,office,85,2,Nueva Ecija 1st District Engineering Office,,p85:r15,p85:r15,4,5,,,,1127468000,1127468000
1731,p85:r24,office,85,2,Nueva Ecija 2nd District Engineering Office,,p85:r15,p85:r15,4,5,,,,34000000,34000000
1732,p86:r0,office,86,2,Pampanga 1st District Engineering Office,,p85:r15,p85:r15,4,5,,,,404000000,404000000
1733,p86:r1,office,86,2,Pampanga 2nd District Engineering Office,,p85:r15,p85:r15,4,5,,,,111000000,111000000
1734,p86:r2,office,86,2,Pampanga 3rd District Engineering Office,,p85:r15,p85:r15,4,5,,,,465690000,465690000
1735,p86:r3,office,86,2,Tarlac 2nd District Engineering Office,,p85:r15,p85:r15,4,5,,,,44000000,44000000
1736,p86:r4,office,86,2,Tarlac District Engineering Office,,p85:r15,p85:r15,4,5,,,,177500000,177500000
1737,p86:r5,office,86,2,Zambales 1st District Engineering Office,,p85:r15,p85:r15,4,5,,,,317000000,317000000
1738,p86:r6,office,86,2,Zambales 2nd District Engineering Office,,p85:r15,p85:r15,4,5,,,,414776000,414776000
1739,p86:r7,region,86,1,Region IVA - CALABARZON,,p83:r13,p83:r13,3,4,,,,4033328000,4033328000
1740,p86:r8,office,86,2,Batangas 2nd District Engineering Office,,p86:r7,p86:r7,4,5,,,,751000000,751000000
1741,p86:r9,office,86,2,Batangas 3rd District Engineering Office,,p86:r7,p86:r7,4,5,,,,269500000,269500000
1742,p86:r10,office,86,2,Batangas 4th District Engineering Office,,p86:r7,p86:r7,4,5,,,,325000000,325000000
1743,p86:r11,office,86,2,Cavite 2nd District Engineering Office,,p86:r7,p86:r7,4,5,,,,30000000,30000000
1744,p86:r12,office,86,2,Cavite District Engineering Office,,p86:r7,p86:r7,4,5,,,,696228000,696228000
1745,p86:r13,office,86,2,Cavite Third District Engineering Office,,p86:r7,p86:r7,4,5,,,,126000000,126000000
1746,p86:r14,office,86,2,Laguna 1st District Engineering Office,,p86:r7,p86:r7,4,5,,,,85000000,85000000
1747,p86:r15,office,86,2,Laguna 2nd District Engineering Office,,p86:r7,p86:r7,4,5,,,,385500000,385500000
1748,p86:r16,office,86,2,Laguna 3rd District Engineering Office,,p86:r7,p86:r7,4,5,,,,193000000,193000000
1749,p86:r17,office,86,2,Quezon 1st District Engineering Office,,p86:r7,p86:r7,4,5,,,,75000000,75000000
1750,p86:r18,office,86,2,Quezon 2nd District Engineering Office,,p86:r7,p86:r7,4,5,,,,201100000,201100000
1751,p86:r19,office,86,2,Quezon 3rd District Engineering Office,,p86:r7,p86:r7,4,5,,,,195000000,195000000
1752,p86:r20,office,86,2,Quezon 4th District Engineering Office,,p86:r7,p86:r7,4,5,,,,150000000,150000000
1753,p86:r21,office,86,2,Rizal 1st District Engineering Office,,p86:r7,p86:r7,4,5,,,,551000000,551000000
1754,p86:r22,region,86,1,Region IVB - MIMAROPA,,p83:r13,p83:r13,3,4,,,,1627980000,1627980000
1755,p86:r23,office,86,2,Marinduque District Engineering Office,,p86:r22,p86:r22,4,5,,,,189500000,189500000
1756,p86:r24,office,86,2,Mindoro Occidental District Engineering Office,,p86:r22,p86:r22,4,5,,,,126000000,126000000
1757,p87:r0,office,87,2,Mindoro Oriental District Engineering Office,,p86:r22,p86:r22,4,5,,,,525000000,525000000
1758,p87:r1,office,87,2,Palawan 1st District Engineering Office,,p86:r22,p86:r22,4,5,,,,32000000,32000000
1759,p87:r2,office,87,2,Palawan 2nd District Engineering Office,,p86:r22,p86:r22,4,5,,,,25000000,25000000
1760,p87:r3,office,87,2,Palawan 3rd District Engineering Office,,p86:r22,p86:r22,4,5,,,,175000000,175000000
1761,p87:r4,office,87,2,Romblon District Engineering Office,,p86:r22,p86:r22,4,5,,,,281480000,281480000
1762,p87:r5,office,87,2,Southern Mindoro District Engineering Office,,p86:r22,p86:r22,4,5,,,,274000000,274000000
1763,p87:r6,region,87,1,Region V - Bicol,,p83:r13,p83:r13,3,4,,,,2083450000,2083450000
1764,p87:r7,office,87,2,Albay 1st District Engineering Office,,p87:r6,p87:r6,4,5,,,,60000000,60000000
1765,p87:r8,office,87,2,Albay 2nd District Engineering Office,,p87:r6,p87:r6,4,5,,,,203000000,203000000
1766,p87:r9,office,87,2,Albay 3rd District Engineering Office,,p87:r6,p87:r6,4,5,,,,80000000,80000000
1767,p87:r10,office,87,2,Camarines Norte District Engineering Office,,p87:r6,p87:r6,4,5,,,,255000000,255000000
1768,p87:r11,office,87,2,Camarines Sur 1st District Engineering Office,,p87:r6,p87:r6,4,5,,,,276575000,276575000
1769,p87:r12,office,87,2,Camarines Sur 2nd District Engineering Office,,p87:r6,p87:r6,4,5,,,,15000000,15000000
1770,p87:r13,office,87,2,Camarines Sur 3rd District Engineering Office,,p87:r6,p87:r6,4,5,,,,145000000,145000000
1771,p87:r14,office,87,2,Camarines Sur 4th District Engineering Office,,p87:r6,p87:r6,4,5,,,,136000000,136000000
1772,p87:r15,office,87,2,Camarines Sur 5th District Engineering Office,,p87:r6,p87:r6,4,5,,,,95000000,95000000
1773,p87:r16,office,87,2,Catanduanes District Engineering Office,,p87:r6,p87:r6,4,5,,,,92000000,92000000
1774,p87:r17,office,87,2,Masbate 1st District Engineering Office,,p87:r6,p87:r6,4,5,,,,95000000,95000000
1775,p87:r18,office,87,2,Masbate 2nd District Engineering Office,,p87:r6,p87:r6,4,5,,,,258000000,258000000
1776,p87:r19,office,87,2,Masbate 3rd District Engineering Office,,p87:r6,p87:r6,4,5,,,,267875000,267875000
1777,p87:r20,office,87,2,Sorsogon 2nd District Engineering Office,,p87:r6,p87:r6,4,5,,,,105000000,105000000
1778,p87:r21,region,87,1,Region VI - Western Visayas,,p83:r13,p83:r13,3,4,,,,1473900000,1473900000
1779,p87:r22,office,87,2,Aklan District Engineering Office,,p87:r21,p87:r21,4,5,,,,319000000,319000000
1780,p88:r0,office,88,2,Capiz 1st District Engineering Office,,p87:r21,p87:r21,4,5,,,,185000000,185000000
1781,p88:r1,office,88,2,Capiz 2nd District Engineering Office,,p87:r21,p87:r21,4,5,,,,192000000,192000000
1782,p88:r2,office,88,2,Guimaras District Engineering Office,,p87:r21,p87:r21,4,5,,,,354900000,354900000
1783,p88:r3,office,88,2,Iloilo 1st District Engineering Office,,p87:r21,p87:r21,4,5,,,,53000000,53000000
1784,p88:r4,office,88,2,Iloilo 2nd District Engineering Office,,p87:r21,p87:r21,4,5,,,,25000000,25000000
1785,p88:r5,office,88,2,Iloilo 3rd District Engineering Office,,p87:r21,p87:r21,4,5,,,,70000000,70000000
1786,p88:r6,office,88,2,Iloilo 4th District Engineering Office,,p87:r21,p87:r21,4,5,,,,10000000,10000000
1787,p88:r7,office,88,2,Iloilo 6th District Engineering Office,,p87:r21,p87:r21,4,5,,,,240000000,240000000
1788,p88:r8,office,88,2,Iloilo City District Engineering Office,,p87:r21,p87:r21,4,5,,,,25000000,25000000
1789,p88:r9,region,88,1,Negros Island Region (NIR),,p83:r13,p83:r13,3,4,,,,2092516000,2092516000
1790,p88:r10,office,88,2,Bacolod City District Engineering Office,,p88:r9,p88:r9,4,5,,,,272000000,272000000
1791,p88:r11,office,88,2,Negros Occidental 1st District Engineering Office,,p88:r9,p88:r9,4,5,,,,497516000,497516000
1792,p88:r12,office,88,2,Negros Occidental 2nd District Engineering Office,,p88:r9,p88:r9,4,5,,,,25000000,25000000
1793,p88:r13,office,88,2,Negros Occidental 3rd District Engineering Office,,p88:r9,p88:r9,4,5,,,,181000000,181000000
1794,p88:r14,office,88,2,Negros Occidental 4th District Engineering Office,,p88:r9,p88:r9,4,5,,,,196000000,196000000
1795,p88:r15,office,88,2,Negros Occidental 5th District Engineering Office,,p88:r9,p88:r9,4,5,,,,34000000,34000000
1796,p88:r16,office,88,2,Negros Oriental 1st District Engineering Office,,p88:r9,p88:r9,4,5,,,,147000000,147000000
1797,p88:r17,office,88,2,Negros Oriental 2nd District Engineering,,p88:r9,p88:r9,4,5,,,,206000000,206000000
1798,p88:r18,office,88,2,Office Negros Oriental 3rd District Engineering,,p88:r9,p88:r9,4,5,,,,230000000,230000000
1799,p88:r19,office,88,2,Office Siquijor District,,p88:r9,p88:r9,4,5,,,,304000000,304000000
1800,p88:r20,region,88,1,Engineering Office Region VII - Central Visayas,,p83:r13,p83:r13,3,4,,,,1538075000,1538075000
1801,p88:r21,office,88,2,Cebu 1st District,,p88:r20,p88:r20,4,5,,,,145000000,145000000
1802,p88:r22,office,88,2,Engineering Office Cebu 2nd District. Engineering Office,,p88:r20,p88:r20,4,5,,,,177000000,177000000
1803,p89:r0,office,89,2,Cebu 3rd District Engineering Office,,p88:r20,p88:r20,4,5,,,,50000000,50000000
1804,p89:r1,office,89,2,Cebu 4th District Engineering Office,,p88:r20,p88:r20,4,5,,,,65000000,65000000
1805,p89:r2,office,89,2,Cebu 5th District Engineering Office,,p88:r20,p88:r20,4,5,,,,125000000,125000000
1806,p89:r3,office,89,2,Cebu 6th District Engineering Office,,p88:r20,p88:r20,4,5,,,,501075000,501075000
1807,p89:r4,office,89,2,Cebu 7th District Engineering Office,,p88:r20,p88:r20,4,5,,,,365000000,365000000
1808,p89:r5,office,89,2,Cebu City District Engineering Office,,p88:r20,p88:r20,4,5,,,,110000000,110000000
1809,p89:r6,region,89,1,Region VIII - Eastern Visayas,,p83:r13,p83:r13,3,4,,,,1584668000,1584668000
1810,p89:r7,office,89,2,Biliran District Engineering Office,,p89:r6,p89:r6,4,5,,,,148000000,148000000
1811,p89:r8,office,89,2,Eastern Samar District Engineering Office,,p89:r6,p89:r6,4,5,,,,30000000,30000000
1812,p89:r9,office,89,2,Leyte 2nd District Engineering Office,,p89:r6,p89:r6,4,5,,,,170500000,170500000
1813,p89:r10,office,89,2,Leyte 3rd District Engineering Office,,p89:r6,p89:r6,4,5,,,,240000000,240000000
1814,p89:r11,office,89,2,Leyte 4th District Engineering Office,,p89:r6,p89:r6,4,5,,,,80000000,80000000
1815,p89:r12,office,89,2,Leyte 5th District Engineering Office,,p89:r6,p89:r6,4,5,,,,170000000,170000000
1816,p89:r13,office,89,2,Northern Samar 1st District Engineering Office,,p89:r6,p89:r6,4,5,,,,86168000,86168000
1817,p89:r14,office,89,2,Northern Samar 2nd District Engineering Office,,p89:r6,p89:r6,4,5,,,,388000000,388000000
1818,p89:r15,office,89,2,Samar 1st District Engineering Office,,p89:r6,p89:r6,4,5,,,,272000000,272000000
1819,p89:r16,region,89,1,Region IX - Zamboanga Peninsula,,p83:r13,p83:r13,3,4,,,,2077000000,2077000000
1820,p89:r17,office,89,2,Isabela City District Engineering Office,,p89:r16,p89:r16,4,5,,,,50000000,50000000
1821,p89:r18,office,89,2,Sulu 1st District Engineering Office,,p89:r16,p89:r16,4,5,,,,330000000,330000000
1822,p89:r19,office,89,2,Sulu 2nd District,,p89:r16,p89:r16,4,5,,,,150000000,150000000
1823,p89:r20,office,89,2,Engineering Office Zamboanga City 2nd District Engineering,,p89:r16,p89:r16,4,5,,,,5000000,5000000
1824,p89:r21,office,89,2,Office Zamboanga del Norte 1st District Engineering Office,,p89:r16,p89:r16,4,5,,,,120000000,120000000
1825,p89:r22,office,89,2,Zamboanga del Norte 2nd District Engineering,,p89:r16,p89:r16,4,5,,,,165000000,165000000
1826,p89:r23,office,89,2,Office Zamboanga del Norte 3rd District Engineering Office,,p89:r16,p89:r16,4,5,,,,106500000,106500000
1827,p90:r0,office,90,2,Zamboanga del Norte 4th District Engineering Office,,p89:r16,p89:r16,4,5,,,,265000000,265000000
1828,p90:r1,office,90,2,Zamboanga del Sur 1st District Engineering Office,,p89:r16,p89:r16,4,5,,,,325000000,325000000
1829,p90:r2,office,90,2,Zamboanga del Sur 2nd District Engineering Office,,p89:r16,p89:r16,4,5,,,,241000000,241000000
1830,p90:r3,office,90,2,Zamboanga Sibugay 1st District Engineering Office,,p89:r16,p89:r16,4,5,,,,164500000,164500000
1831,p90:r4,office,90,2,Zamboanga Sibugay 2nd District Engineering Office,,p89:r16,p89:r16,4,5,,,,155000000,155000000
1832,p90:r5,region,90,1,Region X - Northern Mindanao,,p83:r13,p83:r13,3,4,,,,1646820000,1646820000
1833,p90:r6,office,90,2,Bukidnon 2nd District Engineering Office,,p90:r5,p90:r5,4,5,,,,110660000,110660000
1834,p90:r7,office,90,2,Cagayan de Oro City 1st District Engineering Office,,p90:r5,p90:r5,4,5,,,,35000000,35000000
1835,p90:r8,office,90,2,Cagayan de Oro City 2nd District Engineering Office,,p90:r5,p90:r5,4,5,,,,195000000,195000000
1836,p90:r9,office,90,2,Camiguin District Engineering Office,,p90:r5,p90:r5,4,5,,,,526000000,526000000
1837,p90:r10,office,90,2,Iligan City District Engineering Office,,p90:r5,p90:r5,4,5,,,,140160000,140160000
1838,p90:r11,office,90,2,Lanao del Norte 1st District Engineering Office,,p90:r5,p90:r5,4,5,,,,140000000,140000000
1839,p90:r12,office,90,2,Lanao del Norte 2nd District Engineering Office,,p90:r5,p90:r5,4,5,,,,185000000,185000000
1840,p90:r13,office,90,2,Misamis Occidental District Enginecring Office,,p90:r5,p90:r5,4,5,,,,10000000,10000000
1841,p90:r14,office,90,2,Misamis Oriental 1st District Engineering Office,,p90:r5,p90:r5,4,5,,,,75000000,75000000
1842,p90:r15,office,90,2,Misamis Oriental 2nd District Engineering,,p90:r5,p90:r5,4,5,,,,230000000,230000000
1843,p90:r16,region,90,1,Office Region XI - Davao,,p83:r13,p83:r13,3,4,,,,879250000,879250000
1844,p90:r17,office,90,2,Davao de Oro 1st District Engineering Office,,p90:r16,p90:r16,4,5,,,,25000000,25000000
1845,p90:r18,office,90,2,Davao de Oro 2nd District Engineering Office,,p90:r16,p90:r16,4,5,,,,50000000,50000000
1846,p90:r19,office,90,2,Davao del Norte 2nd District Engineering Office,,p90:r16,p90:r16,4,5,,,,72250000,72250000
1847,p91:r0,office,91,2,Davao del Norte District Engineering Office,,p90:r16,p90:r16,4,5,,,,247000000,247000000
1848,p91:r1,office,91,2,Davao del Sur District Engineering Office,,p90:r16,p90:r16,4,5,,,,485000000,485000000
1849,p91:r2,region,91,1,Region XII - SOCCSKSARGEN,,p83:r13,p83:r13,3,4,,,,1312929000,1312929000
1850,p91:r3,office,91,2,Cotabato 1st District Engineering Office,,p91:r2,p91:r2,4,5,,,,195500000,195500000
1851,p91:r4,office,91,2,Cotabato 2nd District Engineering Office,,p91:r2,p91:r2,4,5,,,,76000000,76000000
1852,p91:r5,office,91,2,Cotabato 3rd District Engineering Office,,p91:r2,p91:r2,4,5,,,,207000000,207000000
1853,p91:r6,office,91,2,South Cotabato 1st District Engineering Office,,p91:r2,p91:r2,4,5,,,,50000000,50000000
1854,p91:r7,office,91,2,South Cotabato 2nd District Engineering Office,,p91:r2,p91:r2,4,5,,,,113500000,113500000
1855,p91:r8,office,91,2,Sultan Kudarat 1st District Engineering Office,,p91:r2,p91:r2,4,5,,,,568629000,568629000
1856,p91:r9,office,91,2,Sultan Kudarat 2nd District Engineering Office,,p91:r2,p91:r2,4,5,,,,102300000,102300000
1857,p91:r10,region,91,1,Region XIII - CARAGA,,p83:r13,p83:r13,3,4,,,,795403000,795403000
1858,p91:r11,office,91,2,Butuan City District Engineering Office,,p91:r10,p91:r10,4,5,,,,85403000,85403000
1859,p91:r12,office,91,2,Dinagat Islands District Engineering Office,,p91:r10,p91:r10,4,5,,,,290000000,290000000
1860,p91:r13,office,91,2,Surigao del Norte 1st District Engineering Office,,p91:r10,p91:r10,4,5,,,,180000000,180000000
1861,p91:r14,office,91,2,Surigao del Norte 2nd District Engineering Office,,p91:r10,p91:r10,4,5,,,,45000000,45000000
1862,p91:r15,office,91,2,Surigao del Sur 1st District Engineering Office,,p91:r10,p91:r10,4,5,,,,195000000,195000000
1863,p91:r16,program,91,1,Basic Infrastructure Program (BIP) Multi - Purpose Buildings / Facilities to support Social Services Basic Infrastructure Program (BIP ) - Multi-Purpose Buildings / Facilities to support,300226000000000,p13:ph13,p28:r7,2,3,0,,,40974839000,40974839000
1864,p91:r17,region,91,1,Social Services National Capital Region (NCR),,p91:r16,p91:r16,3,4,,,,16700368000,16700368000
1865,p91:r18,office,91,2,Central Office,,p91:r17,p91:r17,4,5,,,,14956998000,14956998000
1866,p91:r19,office,91,2,Las Pi ñ as-Muntinlupa District Engineering,,p91:r17,p91:r17,4,5,,,,130000000,130000000
1867,p91:r20,office,91,2,Office Malabon-Navotas District Engineering Office,,p91:r17,p91:r17,4,5,,,,5000000,5000000
1868,p92:r0,office,92,2,Metro Manila 1st District Engineering Office,,p91:r17,p91:r17,4,5,,,,460000000,460000000
1869,p92:r1,office,92,2,Metro Manila 2nd District Engineering Office,,p91:r17,p91:r17,4,5,,,,87000000,87000000
1870,p92:r2,office,92,2,Metro Manila 3rd District Engineering Office,,p91:r17,p91:r17,4,5,,,,409000000,409000000
1871,p92:r3,office,92,2,North Manila District Engineering Office,,p91:r17,p91:r17,4,5,,,,85000000,85000000
1872,p92:r4,office,92,2,Quezon City 1st District Engineering Office,,p91:r17,p91:r17,4,5,,,,470560000,470560000
1873,p92:r5,office,92,2,Quezon City 2nd District Engineering Office,,p91:r17,p91:r17,4,5,,,,15000000,15000000
1874,p92:r6,office,92,2,South Manila District Engineering Office,,p91:r17,p91:r17,4,5,,,,81810000,81810000
1875,p92:r7,region,92,1,Region I - Ilocos,,p91:r16,p91:r16,3,4,,,,1321900000,1321900000
1876,p92:r8,office,92,2,Ilocos Norte 2nd District Engineering Office,,p92:r7,p92:r7,4,5,,,,254000000,254000000
1877,p92:r9,office,92,2,La Union 1st District Engineering Office,,p92:r7,p92:r7,4,5,,,,218900000,218900000
1878,p92:r10,office,92,2,La Union 2nd District Engineering Office,,p92:r7,p92:r7,4,5,,,,58000000,58000000
1879,p92:r11,office,92,2,Pangasinan 1st District Engineering Office,,p92:r7,p92:r7,4,5,,,,191000000,191000000
1880,p92:r12,office,92,2,Pangasinan 2nd District Engineering Office,,p92:r7,p92:r7,4,5,,,,440000000,440000000
1881,p92:r13,office,92,2,Pangasinan 3rd District Engineering Office,,p92:r7,p92:r7,4,5,,,,140000000,140000000
1882,p92:r14,office,92,2,Pangasinan 4th District Engineering Office,,p92:r7,p92:r7,4,5,,,,20000000,20000000
1883,p92:r15,region,92,1,Cordillera Administrative Region (CAR),,p91:r16,p91:r16,3,4,,,,666775000,666775000
1884,p92:r16,office,92,2,Abra District Engineering Office,,p92:r15,p92:r15,4,5,,,,100000000,100000000
1885,p92:r17,office,92,2,Apayao 1st District Engineering Office,,p92:r15,p92:r15,4,5,,,,20000000,20000000
1886,p92:r18,office,92,2,Apayao 2nd District Engineering Office,,p92:r15,p92:r15,4,5,,,,55000000,55000000
1887,p92:r19,office,92,2,Baguio City District,,p92:r15,p92:r15,4,5,,,,174775000,174775000
1888,p92:r20,office,92,2,Engineering Office Benguet 2nd District Engineering Office,,p92:r15,p92:r15,4,5,,,,30000000,30000000
1889,p92:r21,office,92,2,Ifugao 1st District Engineering Office,,p92:r15,p92:r15,4,5,,,,49000000,49000000
1890,p92:r22,office,92,2,Ifugao 2nd District Engineering Office,,p92:r15,p92:r15,4,5,,,,73000000,73000000
1891,p92:r23,office,92,2,Lower Kalinga District Engineering Office,,p92:r15,p92:r15,4,5,,,,5000000,5000000
1892,p93:r0,office,93,2,Mountain Province 2nd District Engineering Office,,p92:r15,p92:r15,4,5,,,,30000000,30000000
1893,p93:r1,office,93,2,Mountain Province First District Engineering Office,,p92:r15,p92:r15,4,5,,,,110000000,110000000
1894,p93:r2,office,93,2,Upper Kalinga District Engineering Office,,p92:r15,p92:r15,4,5,,,,20000000,20000000
1895,p93:r3,region,93,1,Region II - Cagayan Valley,,p91:r16,p91:r16,3,4,,,,1855000000,1855000000
1896,p93:r4,office,93,2,Batanes District Engineering Office,,p93:r3,p93:r3,4,5,,,,150000000,150000000
1897,p93:r5,office,93,2,Cagayan 1st District Engineering Office,,p93:r3,p93:r3,4,5,,,,370000000,370000000
1898,p93:r6,office,93,2,Cagayan 2nd District Engineering Office,,p93:r3,p93:r3,4,5,,,,30000000,30000000
1899,p93:r7,office,93,2,Cagayan 3rd District Engineering Office,,p93:r3,p93:r3,4,5,,,,86000000,86000000
1900,p93:r8,office,93,2,Isabela 1st District Engineering Office,,p93:r3,p93:r3,4,5,,,,220000000,220000000
1901,p93:r9,office,93,2,Isabela 2nd District Engineering Office,,p93:r3,p93:r3,4,5,,,,382000000,382000000
1902,p93:r10,office,93,2,Isabela 3rd District Engineering Office,,p93:r3,p93:r3,4,5,,,,314000000,314000000
1903,p93:r11,office,93,2,Isabela 4th District Engineering Office,,p93:r3,p93:r3,4,5,,,,263000000,263000000
1904,p93:r12,office,93,2,Nueva Vizcaya 2nd District Engineering Office,,p93:r3,p93:r3,4,5,,,,20000000,20000000
1905,p93:r13,office,93,2,Nueva Vizcaya District Engineering Office,,p93:r3,p93:r3,4,5,,,,20000000,20000000
1906,p93:r14,region,93,1,Region III - Central Luzon,,p91:r16,p91:r16,3,4,,,,4839500000,4839500000
1907,p93:r15,office,93,2,Aurora District Engineering Office,,p93:r14,p93:r14,4,5,,,,96000000,96000000
1908,p93:r16,office,93,2,Bataan 1st District Engineering Office,,p93:r14,p93:r14,4,5,,,,109000000,109000000
1909,p93:r17,office,93,2,Bataan 2nd District Engineering Office,,p93:r14,p93:r14,4,5,,,,205000000,205000000
1910,p93:r18,office,93,2,Bataan 3rd District Engineering Office,,p93:r14,p93:r14,4,5,,,,190000000,190000000
1911,p93:r19,office,93,2,Bulacan 1st District Engineering Office,,p93:r14,p93:r14,4,5,,,,976000000,976000000
1912,p93:r20,office,93,2,Bulacan 2nd District Engineering Office,,p93:r14,p93:r14,4,5,,,,540000000,540000000
1913,p93:r21,office,93,2,Bulacan 3rd District Engineering Office,,p93:r14,p93:r14,4,5,,,,295000000,295000000
1914,p93:r22,office,93,2,Nueva Ecija 1st District Engineering Office,,p93:r14,p93:r14,4,5,,,,619000000,619000000
1915,p93:r23,office,93,2,Nueva Ecija 2nd District Engineering Office,,p93:r14,p93:r14,4,5,,,,25000000,25000000
1916,p93:r24,office,93,2,Pampanga 1st District Engineering Office,,p93:r14,p93:r14,4,5,,,,112000000,112000000
1917,p94:r0,office,94,2,Pampanga 2nd District Engineering Office,,p93:r14,p93:r14,4,5,,,,100000000,100000000
1918,p94:r1,office,94,2,Tarlac 2nd District Engineering Office,,p93:r14,p93:r14,4,5,,,,96000000,96000000
1919,p94:r2,office,94,2,Tarlac District Engineering Office,,p93:r14,p93:r14,4,5,,,,460000000,460000000
1920,p94:r3,office,94,2,Zambales 1st District Engineering Office,,p93:r14,p93:r14,4,5,,,,149500000,149500000
1921,p94:r4,office,94,2,Zambales 2nd District Engineering Office,,p93:r14,p93:r14,4,5,,,,867000000,867000000
1922,p94:r5,region,94,1,Region IVA - CALABARZON,,p91:r16,p91:r16,3,4,,,,4206520000,4206520000
1923,p94:r6,office,94,2,Batangas 1st District Engineering Office,,p94:r5,p94:r5,4,5,,,,69000000,69000000
1924,p94:r7,office,94,2,Batangas 2nd District Engineering Office,,p94:r5,p94:r5,4,5,,,,396000000,396000000
1925,p94:r8,office,94,2,Batangas 3rd District Engineering Office,,p94:r5,p94:r5,4,5,,,,217000000,217000000
1926,p94:r9,office,94,2,Batangas 4th District Engineering Office,,p94:r5,p94:r5,4,5,,,,501520000,501520000
1927,p94:r10,office,94,2,Cavite 2nd District Engineering Office,,p94:r5,p94:r5,4,5,,,,45000000,45000000
1928,p94:r11,office,94,2,Cavite District Engineering Office,,p94:r5,p94:r5,4,5,,,,445000000,445000000
1929,p94:r12,office,94,2,Cavite Third District Engineering Office,,p94:r5,p94:r5,4,5,,,,250500000,250500000
1930,p94:r13,office,94,2,Laguna 1st District Engineering Office,,p94:r5,p94:r5,4,5,,,,264500000,264500000
1931,p94:r14,office,94,2,Laguna 2nd District Engineering Office,,p94:r5,p94:r5,4,5,,,,563500000,563500000
1932,p94:r15,office,94,2,Laguna 3rd District Engineering Office,,p94:r5,p94:r5,4,5,,,,455000000,455000000
1933,p94:r16,office,94,2,Quezon 1st District Engineering Office,,p94:r5,p94:r5,4,5,,,,339000000,339000000
1934,p94:r17,office,94,2,Quezon 2nd District Engineering Office,,p94:r5,p94:r5,4,5,,,,81000000,81000000
1935,p94:r18,office,94,2,Quezon 3rd District Engineering Office,,p94:r5,p94:r5,4,5,,,,223500000,223500000
1936,p94:r19,office,94,2,Quezon 4th District Engineering Office,,p94:r5,p94:r5,4,5,,,,245000000,245000000
1937,p94:r20,office,94,2,Rizal 1st District Engineering Office,,p94:r5,p94:r5,4,5,,,,111000000,111000000
1938,p94:r21,region,94,1,Region IVB - MIMAROPA,,p91:r16,p91:r16,3,4,,,,872000000,872000000
1939,p94:r22,office,94,2,Marinduque District Engineering Office,,p94:r21,p94:r21,4,5,,,,57000000,57000000
1940,p94:r23,office,94,2,Mindoro Occidental District Engineering Office,,p94:r21,p94:r21,4,5,,,,173500000,173500000
1941,p94:r24,office,94,2,Mindoro Oriental District Engineering Office,,p94:r21,p94:r21,4,5,,,,120000000,120000000
1942,p95:r0,office,95,2,Palawan 1st District Engineering Office,,p94:r21,p94:r21,4,5,,,,179000000,179000000
1943,p95:r1,office,95,2,Palawan 2nd District Engineering Office,,p94:r21,p94:r21,4,5,,,,5000000,5000000
1944,p95:r2,office,95,2,Palawan 3rd District Engineering Office,,p94:r21,p94:r21,4,5,,,,91500000,91500000
1945,p95:r3,office,95,2,Romblon District Engineering Office,,p94:r21,p94:r21,4,5,,,,124000000,124000000
1946,p95:r4,office,95,2,Southern Mindoro District Engineering Office,,p94:r21,p94:r21,4,5,,,,122000000,122000000
1947,p95:r5,region,95,1,Region V - Bicol,,p91:r16,p91:r16,3,4,,,,1219000000,1219000000
1948,p95:r6,office,95,2,Albay 1st District Engineering Office,,p95:r5,p95:r5,4,5,,,,34000000,34000000
1949,p95:r7,office,95,2,Albay 2nd District Engineering Office,,p95:r5,p95:r5,4,5,,,,138500000,138500000
1950,p95:r8,office,95,2,Camarines Norte District Engineering Office,,p95:r5,p95:r5,4,5,,,,45000000,45000000
1951,p95:r9,office,95,2,Camarines Sur 1st District Engineering Office,,p95:r5,p95:r5,4,5,,,,97000000,97000000
1952,p95:r10,office,95,2,Camarines Sur 2nd District Engineering Office,,p95:r5,p95:r5,4,5,,,,40000000,40000000
1953,p95:r11,office,95,2,Camarines Sur 3rd District Engineering Office,,p95:r5,p95:r5,4,5,,,,105000000,105000000
1954,p95:r12,office,95,2,Camarines Sur 4th District Engineering Office,,p95:r5,p95:r5,4,5,,,,172500000,172500000
1955,p95:r13,office,95,2,Camarines Sur 5th District Engineering Office,,p95:r5,p95:r5,4,5,,,,75000000,75000000
1956,p95:r14,office,95,2,Catanduanes District Engineering Office,,p95:r5,p95:r5,4,5,,,,316000000,316000000
1957,p95:r15,office,95,2,Sorsogon 2nd District Engineering Office,,p95:r5,p95:r5,4,5,,,,196000000,196000000
1958,p95:r16,region,95,1,Region VI - Western Visayas,,p91:r16,p91:r16,3,4,,,,1549900000,1549900000
1959,p95:r17,office,95,2,Aklan District Engineering Office,,p95:r16,p95:r16,4,5,,,,216000000,216000000
1960,p95:r18,office,95,2,Capiz 1st District,,p95:r16,p95:r16,4,5,,,,124000000,124000000
1961,p95:r19,office,95,2,Engineering Office Capiz 2nd District Engineering Office,,p95:r16,p95:r16,4,5,,,,69550000,69550000
1962,p95:r20,office,95,2,Guimaras District Engineering Office,,p95:r16,p95:r16,4,5,,,,45000000,45000000
1963,p95:r21,office,95,2,Iloilo 1st District Engineering Office,,p95:r16,p95:r16,4,5,,,,232500000,232500000
1964,p95:r22,office,95,2,Iloilo 2nd District Engineering Office,,p95:r16,p95:r16,4,5,,,,152500000,152500000
1965,p96:r0,office,96,2,Iloilo 3rd District Engineering Office,,p95:r16,p95:r16,4,5,,,,120750000,120750000
1966,p96:r1,office,96,2,Iloilo 4th District Engineering Office,,p95:r16,p95:r16,4,5,,,,264100000,264100000
1967,p96:r2,office,96,2,Iloilo 6th District Engineering Office,,p95:r16,p95:r16,4,5,,,,60500000,60500000
1968,p96:r3,office,96,2,Iloilo City District Engineering Office,,p95:r16,p95:r16,4,5,,,,265000000,265000000
1969,p96:r4,region,96,1,Negros Island Region (NIR),,p91:r16,p91:r16,3,4,,,,964300000,964300000
1970,p96:r5,office,96,2,Bacolod City District Engineering Office,,p96:r4,p96:r4,4,5,,,,400000000,400000000
1971,p96:r6,office,96,2,Negros Occidental 1st District Engineering Office,,p96:r4,p96:r4,4,5,,,,143000000,143000000
1972,p96:r7,office,96,2,Negros Occidental 2nd District Engineering Office,,p96:r4,p96:r4,4,5,,,,30000000,30000000
1973,p96:r8,office,96,2,Negros Occidental 3rd District Engineering Office,,p96:r4,p96:r4,4,5,,,,95000000,95000000
1974,p96:r9,office,96,2,Negros Occidental 4th District Engineering Office,,p96:r4,p96:r4,4,5,,,,74000000,74000000
1975,p96:r10,office,96,2,Negros Occidental 5th District Engineering Office,,p96:r4,p96:r4,4,5,,,,18000000,18000000
1976,p96:r11,office,96,2,Negros Oriental 1st District Engineering Office,,p96:r4,p96:r4,4,5,,,,61000000,61000000
1977,p96:r12,office,96,2,Negros Oriental 2nd District Engineering Office,,p96:r4,p96:r4,4,5,,,,46000000,46000000
1978,p96:r13,office,96,2,Negros Oriental 3rd District Engineering Office,,p96:r4,p96:r4,4,5,,,,45000000,45000000
1979,p96:r14,office,96,2,Siquijor District Engineering Office,,p96:r4,p96:r4,4,5,,,,52300000,52300000
1980,p96:r15,region,96,1,Region VII - Central Visayas,,p91:r16,p91:r16,3,4,,,,789000000,789000000
1981,p96:r16,office,96,2,Bohol 1st District Engineering Office,,p96:r15,p96:r15,4,5,,,,25000000,25000000
1982,p96:r17,office,96,2,Bohol 2nd District Engineering Office,,p96:r15,p96:r15,4,5,,,,15000000,15000000
1983,p96:r18,office,96,2,Cebu 1st District Engineering Office,,p96:r15,p96:r15,4,5,,,,65000000,65000000
1984,p96:r19,office,96,2,Cebu 2nd District Engineering Office,,p96:r15,p96:r15,4,5,,,,140000000,140000000
1985,p96:r20,office,96,2,Cebu 5th District Engineering Office,,p96:r15,p96:r15,4,5,,,,30000000,30000000
1986,p96:r21,office,96,2,Cebu 6th District Engineering Office,,p96:r15,p96:r15,4,5,,,,155000000,155000000
1987,p96:r22,office,96,2,Cebu 7th District Engineering Office,,p96:r15,p96:r15,4,5,,,,259000000,259000000
1988,p97:r0,office,97,2,Cebu City District Engineering Office,,p96:r15,p96:r15,4,5,,,,100000000,100000000
1989,p97:r1,region,97,1,Region VIII - Eastern Visayas,,p91:r16,p91:r16,3,4,,,,1271576000,1271576000
1990,p97:r2,office,97,2,Biliran District Engineering Office,,p97:r1,p97:r1,4,5,,,,196000000,196000000
1991,p97:r3,office,97,2,Eastern Samar District Engineering Office,,p97:r1,p97:r1,4,5,,,,55000000,55000000
1992,p97:r4,office,97,2,Leyte 2nd District Engineering Office,,p97:r1,p97:r1,4,5,,,,325800000,325800000
1993,p97:r5,office,97,2,Leyte 3rd District Engineering Office,,p97:r1,p97:r1,4,5,,,,85000000,85000000
1994,p97:r6,office,97,2,Leyte 4th District Engineering Office,,p97:r1,p97:r1,4,5,,,,10000000,10000000
1995,p97:r7,office,97,2,Leyte 5th District Engineering Office,,p97:r1,p97:r1,4,5,,,,135000000,135000000
1996,p97:r8,office,97,2,Northern Samar 1st District Engineering Office,,p97:r1,p97:r1,4,5,,,,225209000,225209000
1997,p97:r9,office,97,2,Northern Samar 2nd District Engineering Office,,p97:r1,p97:r1,4,5,,,,34567000,34567000
1998,p97:r10,office,97,2,Samar 1st District Engineering Office,,p97:r1,p97:r1,4,5,,,,125000000,125000000
1999,p97:r11,office,97,2,Samar 2nd District Engineering Office,,p97:r1,p97:r1,4,5,,,,80000000,80000000
2000,p97:r12,region,97,1,Region IX - Zamboanga Peninsula,,p91:r16,p91:r16,3,4,,,,853000000,853000000
2001,p97:r13,office,97,2,Sulu 1st District Engineering Office,,p97:r12,p97:r12,4,5,,,,30000000,30000000
2002,p97:r14,office,97,2,Sulu 2nd District Engineering Office,,p97:r12,p97:r12,4,5,,,,65000000,65000000
2003,p97:r15,office,97,2,Zamboanga City 1st District Engineering Office,,p97:r12,p97:r12,4,5,,,,40000000,40000000
2004,p97:r16,office,97,2,Zamboanga del Norte 1st District Engineering Office,,p97:r12,p97:r12,4,5,,,,30000000,30000000
2005,p97:r17,office,97,2,Zamboanga del Norte 3rd District Engineering Office,,p97:r12,p97:r12,4,5,,,,130000000,130000000
2006,p97:r18,office,97,2,Zamboanga del Norte 4th District Engineering Office,,p97:r12,p97:r12,4,5,,,,38000000,38000000
2007,p97:r19,office,97,2,Zamboanga del Sur 2nd District Engineering Office,,p97:r12,p97:r12,4,5,,,,5000000,5000000
2008,p97:r20,office,97,2,Zamboanga Sibugay 1st District Engineering Office,,p97:r12,p97:r12,4,5,,,,309000000,309000000
2009,p97:r21,office,97,2,Zamboanga Sibugay 2nd District Engineering Office,,p97:r12,p97:r12,4,5,,,,206000000,206000000
2010,p98:r0,region,98,1,Region X - Northern Mindanao,,p91:r16,p91:r16,3,4,,,,1578000000,1578000000
2011,p98:r1,office,98,2,Bukidnon 2nd District Engineering Office,,p98:r0,p98:r0,4,5,,,,10000000,10000000
2012,p98:r2,office,98,2,Bukidnon 3rd District Engineering Office,,p98:r0,p98:r0,4,5,,,,24000000,24000000
2013,p98:r3,office,98,2,Cagayan de Oro City 1st District Engineering Office,,p98:r0,p98:r0,4,5,,,,112000000,112000000
2014,p98:r4,office,98,2,Cagayan de Oro City 2nd District Engineering Office,,p98:r0,p98:r0,4,5,,,,185500000,185500000
2015,p98:r5,office,98,2,Camiguin District Engineering Office,,p98:r0,p98:r0,4,5,,,,247000000,247000000
2016,p98:r6,office,98,2,Iligan City District Engineering Office,,p98:r0,p98:r0,4,5,,,,18000000,18000000
2017,p98:r7,office,98,2,Lanao del Norte 1st District Engineering Office,,p98:r0,p98:r0,4,5,,,,211500000,211500000
2018,p98:r8,office,98,2,Lanao del Norte 2nd District Engineering Office,,p98:r0,p98:r0,4,5,,,,462000000,462000000
2019,p98:r9,office,98,2,Misamis Occidental 2nd District Engineering Office,,p98:r0,p98:r0,4,5,,,,14000000,14000000
2020,p98:r10,office,98,2,Misamis Occidental District Engineering Office,,p98:r0,p98:r0,4,5,,,,60000000,60000000
2021,p98:r11,office,98,2,Misamis Oriental 1st District Engineering Office,,p98:r0,p98:r0,4,5,,,,146000000,146000000
2022,p98:r12,office,98,2,Misamis Oriental 2nd District Engineering Office,,p98:r0,p98:r0,4,5,,,,88000000,88000000
2023,p98:r13,region,98,1,Region XI - Davao,,p91:r16,p91:r16,3,4,,,,810500000,810500000
2024,p98:r14,office,98,2,Davao de Oro 1st District Engineering Office,,p98:r13,p98:r13,4,5,,,,113000000,113000000
2025,p98:r15,office,98,2,Davao de Oro 2nd District Engineering Office,,p98:r13,p98:r13,4,5,,,,90500000,90500000
2026,p98:r16,office,98,2,Davao del Norte 2nd District Engineering Office,,p98:r13,p98:r13,4,5,,,,415000000,415000000
2027,p98:r17,office,98,2,Davao del Norte District Engineering Office,,p98:r13,p98:r13,4,5,,,,47000000,47000000
2028,p98:r18,office,98,2,Davao del Sur District Engineering Office,,p98:r13,p98:r13,4,5,,,,145000000,145000000
2029,p98:r19,region,98,1,Region XII - SOCCSKSARGEN,,p91:r16,p91:r16,3,4,,,,612000000,612000000
2030,p98:r20,office,98,2,Cotabato 1st District Engineering Office,,p98:r19,p98:r19,4,5,,,,54000000,54000000
2031,p98:r21,office,98,2,Cotabato 2nd District Engineering Office,,p98:r19,p98:r19,4,5,,,,178000000,178000000
2032,p99:r0,office,99,2,Cotabato 3rd District Engineering Office,,p98:r19,p98:r19,4,5,,,,142000000,142000000
2033,p99:r1,office,99,2,South Cotabato 2nd District Engineering Office,,p98:r19,p98:r19,4,5,,,,80000000,80000000
2034,p99:r2,office,99,2,Sultan Kudarat 1st District Engineering Office,,p98:r19,p98:r19,4,5,,,,10000000,10000000
2035,p99:r3,office,99,2,Sultan Kudarat 2nd District Engineering Office,,p98:r19,p98:r19,4,5,,,,148000000,148000000
2036,p99:r4,region,99,1,Region XIII - CARAGA,,p91:r16,p91:r16,3,4,,,,865500000,865500000
2037,p99:r5,office,99,2,Agusan del Norte District Engineering Office,,p99:r4,p99:r4,4,5,,,,45000000,45000000
2038,p99:r6,office,99,2,Butuan City District Engineering Office,,p99:r4,p99:r4,4,5,,,,305000000,305000000
2039,p99:r7,office,99,2,Dinagat Islands District Engineering Office,,p99:r4,p99:r4,4,5,,,,66000000,66000000
2040,p99:r8,office,99,2,Surigao del Norte 1st District Engineering Office,,p99:r4,p99:r4,4,5,,,,140000000,140000000
2041,p99:r9,office,99,2,Surigao del Norte 2nd District Engineering Office,,p99:r4,p99:r4,4,5,,,,107500000,107500000
2042,p99:r10,office,99,2,Surigao del Sur 1st District Engineering Office,,p99:r4,p99:r4,4,5,,,,112000000,112000000
2043,p99:r11,office,99,2,Surigao del Sur 2nd District Engineering Office,,p99:r4,p99:r4,4,5,,,,90000000,90000000
2044,p99:r12,program,99,1,Basic Infrastructure Program (BIP ) - Coastal Roads to Augment Resiliency of Coastal Communities Basic Infrastructure Program (BIP ) - Coastal Roads to Augment Resiliency of Coastal Communities,300236000000000,p13:ph13,p28:r7,2,3,0,,,1381000000,1381000000
2045,p99:r13,region,99,1,National Capital Region (NCR),,p99:r12,p99:r12,3,4,,,,1240000000,1240000000
2046,p99:r14,office,99,2,Central Office,,p99:r13,p99:r13,4,5,,,,1240000000,1240000000
2047,p99:r15,region,99,1,Negros Island Region (NIR),,p99:r12,p99:r12,3,4,,,,30000000,30000000
2048,p99:r16,office,99,2,Negros Occidental 1st District Engineering Office,,p99:r15,p99:r15,4,5,,,,10000000,10000000
2049,p99:r17,office,99,2,Negros Occidental 2nd District Engineering Office,,p99:r15,p99:r15,4,5,,,,20000000,20000000
2050,p99:r18,region,99,1,Region VII - Central Visayas,,p99:r12,p99:r12,3,4,,,,111000000,111000000
2051,p99:r19,office,99,2,Cebu 6th District Engineering Office,,p99:r18,p99:r18,4,5,,,,111000000,111000000
2052,p100:r0,program,100,1,Basic Infrastructure Program (BIP ) - Local Ports and Boat Landings Basic Infrastructure Program (BIP ) - Local Ports and Boat Landings,300241000000000,p13:ph13,p28:r7,2,3,0,,,419000000,419000000
2053,p100:r1,region,100,1,National Capital Region (NCR),,p100:r0,p100:r0,3,4,,,,240000000,240000000
2054,p100:r2,office,100,2,Central Office,,p100:r1,p100:r1,4,5,,,,240000000,240000000
2055,p100:r3,region,100,1,Region I - Ilocos,,p100:r0,p100:r0,3,4,,,,10000000,10000000
2056,p100:r4,office,100,2,Pangasinan 1st District Engineering Office,,p100:r3,p100:r3,4,5,,,,10000000,10000000
2057,p100:r5,region,100,1,Region IVA - CALABARZON,,p100:r0,p100:r0,3,4,,,,27000000,27000000
2058,p100:r6,office,100,2,Batangas 2nd District Engineering Office,,p100:r5,p100:r5,4,5,,,,27000000,27000000
2059,p100:r7,region,100,1,Region IVB - MIMAROPA,,p100:r0,p100:r0,3,4,,,,32000000,32000000
2060,p100:r8,office,100,2,Palawan 3rd District Engineering Office,,p100:r7,p100:r7,4,5,,,,27000000,27000000
2061,p100:r9,office,100,2,Southern Mindoro District Engineering Office,,p100:r7,p100:r7,4,5,,,,5000000,5000000
2062,p100:r10,region,100,1,Region V - Bicol,,p100:r0,p100:r0,3,4,,,,30000000,30000000
2063,p100:r11,office,100,2,Masbate 3rd District Engineering Office,,p100:r10,p100:r10,4,5,,,,30000000,30000000
2064,p100:r12,region,100,1,Region VII - Central Visayas,,p100:r0,p100:r0,3,4,,,,50000000,50000000
2065,p100:r13,office,100,2,Bohol 2nd District Engineering Office,,p100:r12,p100:r12,4,5,,,,50000000,50000000
2066,p100:r14,region,100,1,Region XII - SOCCSKSARGEN,,p100:r0,p100:r0,3,4,,,,15000000,15000000
2067,p100:r15,office,100,2,Sarangani District Engineering Office,,p100:r14,p100:r14,4,5,,,,15000000,15000000
2068,p100:r16,region,100,1,Region XIII - CARAGA,,p100:r0,p100:r0,3,4,,,,15000000,15000000
2069,p100:r17,office,100,2,Surigao del Norte 1st District Engineering Office,,p100:r16,p100:r16,4,5,,,,10000000,10000000
2070,p100:r18,office,100,2,Surigao del Norte 2nd District Engineering Office,,p100:r16,p100:r16,4,5,,,,5000000,5000000
2071,p100:r19,subtotal,100,,"Sub-total, Operations",,p28:r7,p28:r7,3,3,,,,440741388000,440741388000
2072,p100:r20,subtotal,100,,"Sub-total, Program (s)",,p13:ph13,p13:ph13,2,2,,14922297000,24685746000,470821286000,510429329000
2073,p101:ph2,section,101,0,B. PROJECTS,,root,root,1,1,,,,,
2074,p101:ph3,subsection,101,0,B.1 LOCALLY-FUNDED PROJECT (S),,p101:ph2,p101:ph2,2,2,,,,,
2075,p101:r0,activity,101,1,Buildings And Other Structures - MULTIPURPOSE / FACILITIES - National Building Program,300105201793000,p101:ph3,p28:r7,3,3,2,,,13433675000,13433675000
2076,p101:r1,region,101,1,National Capital Region (NCR),,p101:r0,p101:r0,4,4,,,,11302700000,11302700000
2077,p101:r2,office,101,2,Central Office,,p101:r1,p101:r1,5,5,,,,11282700000,11282700000
2078,p101:r3,office,101,2,Metro Manila 2nd District Engineering Office,,p101:r1,p101:r1,5,5,,,,20000000,20000000
2079,p101:r4,region,101,1,Region I - Ilocos,,p101:r0,p101:r0,4,4,,,,138000000,138000000
2080,p101:r5,office,101,2,Ilocos Norte 1st District Engineering Office,,p101:r4,p101:r4,5,5,,,,10000000,10000000
2081,p101:r6,office,101,2,Ilocos Sur 1st District Engineering Office,,p101:r4,p101:r4,5,5,,,,40000000,40000000
2082,p101:r7,office,101,2,La Union 1st District Engineering Office,,p101:r4,p101:r4,5,5,,,,80000000,80000000
2083,p101:r8,office,101,2,Pangasinan 1st District Engineering Office,,p101:r4,p101:r4,5,5,,,,8000000,8000000
2084,p101:r9,region,101,1,Cordillera Administrative Region (CAR),,p101:r0,p101:r0,4,4,,,,17000000,17000000
2085,p101:r10,office,101,2,Upper Kalinga District Engineering Office,,p101:r9,p101:r9,5,5,,,,17000000,17000000
2086,p101:r11,region,101,1,Region II - Cagayan Valley,,p101:r0,p101:r0,4,4,,,,180500000,180500000
2087,p101:r12,office,101,2,Batanes District Engineering Office,,p101:r11,p101:r11,5,5,,,,23000000,23000000
2088,p101:r13,office,101,2,Cagayan 3rd District Engineering Office,,p101:r11,p101:r11,5,5,,,,42500000,42500000
2089,p101:r14,office,101,2,Isabela 1st District Engineering Office,,p101:r11,p101:r11,5,5,,,,30000000,30000000
2090,p101:r15,office,101,2,Nueva Vizcaya District Engineering Office,,p101:r11,p101:r11,5,5,,,,15000000,15000000
2091,p101:r16,office,101,2,Quirino District Engineering Office,,p101:r11,p101:r11,5,5,,,,70000000,70000000
2092,p101:r17,region,101,1,Region III - Central Luzon,,p101:r0,p101:r0,4,4,,,,233000000,233000000
2093,p101:r18,office,101,2,Bataan 2nd District Engineering Office,,p101:r17,p101:r17,5,5,,,,15000000,15000000
2094,p101:r19,office,101,2,Bulacan 1st District Engineering Office,,p101:r17,p101:r17,5,5,,,,17000000,17000000
2095,p101:r20,office,101,2,Bulacan 2nd District Engineering Office,,p101:r17,p101:r17,5,5,,,,82000000,82000000
2096,p101:r21,office,101,2,Nueva Ecija 1st District Engineering Office,,p101:r17,p101:r17,5,5,,,,9000000,9000000
2097,p101:r22,office,101,2,Nueva Ecija 2nd District Engineering Office,,p101:r17,p101:r17,5,5,,,,100000000,100000000
2098,p101:r23,office,101,2,Pampanga 1st District Engineering Office,,p101:r17,p101:r17,5,5,,,,10000000,10000000
2099,p102:r0,region,102,1,Region IVA - CALABARZON,,p101:r0,p101:r0,4,4,,,,150000000,150000000
2100,p102:r1,office,102,2,Batangas 3rd District Engineering Office,,p102:r0,p102:r0,5,5,,,,50000000,50000000
2101,p102:r2,office,102,2,Batangas 4th District Engineering Office,,p102:r0,p102:r0,5,5,,,,50000000,50000000
2102,p102:r3,office,102,2,Cavite 2nd District Engineering Office,,p102:r0,p102:r0,5,5,,,,50000000,50000000
2103,p102:r4,region,102,1,Region IVB - MIMAROPA,,p101:r0,p101:r0,4,4,,,,150000000,150000000
2104,p102:r5,office,102,2,Marinduque District Engineering Office,,p102:r4,p102:r4,5,5,,,,25000000,25000000
2105,p102:r6,office,102,2,Mindoro Occidental District Engineering Office,,p102:r4,p102:r4,5,5,,,,45000000,45000000
2106,p102:r7,office,102,2,Palawan 3rd District Engineering Office,,p102:r4,p102:r4,5,5,,,,59000000,59000000
2107,p102:r8,office,102,2,Romblon District Engineering Office,,p102:r4,p102:r4,5,5,,,,21000000,21000000
2108,p102:r9,region,102,1,Region V - Bicol,,p101:r0,p101:r0,4,4,,,,75000000,75000000
2109,p102:r10,office,102,2,Camarines Sur 3rd District Engineering Office,,p102:r9,p102:r9,5,5,,,,55000000,55000000
2110,p102:r11,office,102,2,Masbate 2nd District Engineering Office,,p102:r9,p102:r9,5,5,,,,20000000,20000000
2111,p102:r12,region,102,1,Region VI - Western Visayas,,p101:r0,p101:r0,4,4,,,,320075000,320075000
2112,p102:r13,office,102,2,Capiz 1st District Engineering Office,,p102:r12,p102:r12,5,5,,,,50000000,50000000
2113,p102:r14,office,102,2,Guimaras District Engineering Office,,p102:r12,p102:r12,5,5,,,,170000000,170000000
2114,p102:r15,office,102,2,Iloilo 2nd District Engineering Office,,p102:r12,p102:r12,5,5,,,,25075000,25075000
2115,p102:r16,office,102,2,Iloilo 6th District Engineering Office,,p102:r12,p102:r12,5,5,,,,55000000,55000000
2116,p102:r17,office,102,2,Iloilo City District Engineering Office,,p102:r12,p102:r12,5,5,,,,20000000,20000000
2117,p102:r18,region,102,1,Negros Island Region (NIR),,p101:r0,p101:r0,4,4,,,,76500000,76500000
2118,p102:r19,office,102,2,Negros Occidental 2nd District Engineering Office,,p102:r18,p102:r18,5,5,,,,40000000,40000000
2119,p102:r20,office,102,2,Negros Occidental 5th District Engineering Office,,p102:r18,p102:r18,5,5,,,,6500000,6500000
2120,p102:r21,office,102,2,Siquijor District Engineering Office,,p102:r18,p102:r18,5,5,,,,30000000,30000000
2121,p102:r22,region,102,1,Region VIII - Eastern Visayas,,p101:r0,p101:r0,4,4,,,,244900000,244900000
2122,p102:r23,office,102,2,Eastern Samar District Engineering Office,,p102:r22,p102:r22,5,5,,,,188000000,188000000
2123,p103:r0,office,103,2,Leyte 1st District Engineering Office,,p102:r22,p102:r22,5,5,,,,6900000,6900000
2124,p103:r1,office,103,2,Northern Samar 2nd District Engineering Office,,p102:r22,p102:r22,5,5,,,,50000000,50000000
2125,p103:r2,region,103,1,Region X - Northern Mindanao,,p101:r0,p101:r0,4,4,,,,100000000,100000000
2126,p103:r3,office,103,2,Lanao del Norte 1st District Engineering Office,,p103:r2,p103:r2,5,5,,,,50000000,50000000
2127,p103:r4,office,103,2,Lanao del Norte 2nd District Engineering Office,,p103:r2,p103:r2,5,5,,,,50000000,50000000
2128,p103:r5,region,103,1,Region XI - Davao,,p101:r0,p101:r0,4,4,,,,374000000,374000000
2129,p103:r6,office,103,2,Davao de Oro 1st District Engineering Office,,p103:r5,p103:r5,5,5,,,,84000000,84000000
2130,p103:r7,office,103,2,Davao del Norte 2nd District Engineering Office,,p103:r5,p103:r5,5,5,,,,170000000,170000000
2131,p103:r8,office,103,2,Davao del Sur District Engineering Office,,p103:r5,p103:r5,5,5,,,,50000000,50000000
2132,p103:r9,office,103,2,Davao Occidental District Engineering Office,,p103:r5,p103:r5,5,5,,,,30000000,30000000
2133,p103:r10,office,103,2,Davao Oriental 1st District Engineering Office,,p103:r5,p103:r5,5,5,,,,40000000,40000000
2134,p103:r11,region,103,1,Region XIII - CARAGA,,p101:r0,p101:r0,4,4,,,,72000000,72000000
2135,p103:r12,office,103,2,Butuan City District Engineering Office,,p103:r11,p103:r11,5,5,,,,72000000,72000000
2136,p103:r13,activity,103,1,"Public Private Partnership Strategic Support Fund (including ROW, Subsidy, and Variations)",300110200003000,p101:ph3,p28:r7,3,3,2,,,1000000000,1000000000
2137,p103:r14,region,103,1,National Capital Region (NCR),,p103:r13,p103:r13,4,4,,,,1000000000,1000000000
2138,p103:r15,office,103,2,Central Office,,p103:r14,p103:r14,5,5,,,,1000000000,1000000000
2139,p103:r16,subtotal,103,,"Sub-total, Locally-Funded Project (s)",,p101:ph3,p101:ph3,3,3,,,,14433675000,14433675000
2140,p103:ph75,subsection,103,0,B.2 FOREIGN-ASSISTED PROJECT (S),,p101:ph2,p101:ph2,2,2,,,,,
2141,p103:r17,activity,103,1,"B.2 FOREIGN-ASSISTED PROJECT (S) Mindanao Transport Connectivity Improvement Project, IBRD Loan No. 9775-PH",310101300003000,p28:r9,p28:r9,3,5,3,,,5211754000,5211754000
2142,p103:r18,region,103,1,National Capital Region (NCR),,p103:r17,p103:r17,4,6,,,,5211754000,5211754000
2143,p103:r19,office,103,2,Central Office,,p103:r18,p103:r18,5,7,,,,5211754000,5211754000
2144,p103:r20,funding,103,2,Loan Proceeds,,p103:r18,p103:r18,5,7,,,,2898743000,2898743000
2145,p103:r21,funding,103,2,GOP Counterpart,,p103:r18,p103:r18,5,7,,,,2313011000,2313011000
2146,p104:r0,activity,104,1,"Reconstruction and Development Plan for Greater Marawi, Stage 2 , (Bangon Marawi Output 2 ), ADB Loan No. 3769 - PHI",310106300002000,p40:r15,p40:r15,3,5,3,,,2870547000,2870547000
2147,p104:r1,region,104,1,National Capital Region (NCR),,p104:r0,p104:r0,4,6,,,,2870547000,2870547000
2148,p104:r2,office,104,2,Central Office,,p104:r1,p104:r1,5,7,,,,2870547000,2870547000
2149,p104:r3,funding,104,2,Loan Proceeds,,p104:r1,p104:r1,5,7,,,,1919101000,1919101000
2150,p104:r4,funding,104,2,GOP Counterpart,,p104:r1,p104:r1,5,7,,,,951446000,951446000
2151,p104:r5,activity,104,1,"Davao City Bypass Construction Project , (South and Center Sections ), Package I, JICA Loan No. PH-P261",310204300003000,p54:r0,p54:r0,3,5,3,,,145817000,145817000
2152,p104:r6,region,104,1,National Capital Region (NCR),,p104:r5,p104:r5,4,6,,,,145817000,145817000
2153,p104:r7,office,104,2,Central Office,,p104:r6,p104:r6,5,7,,,,145817000,145817000
2154,p104:r8,funding,104,2,GOP Counterpart,,p104:r6,p104:r6,5,7,,,,145817000,145817000
2155,p104:r9,activity,104,1,"Philippines-Korea Project Preparation Facility (PK-PPF ), KEDCF Loan No. PHL - 20, Roads and Bridges Facility",310204300008000,p54:r0,p54:r0,3,5,3,,,283528000,283528000
2156,p104:r10,region,104,1,National Capital Region (NCR),,p104:r9,p104:r9,4,6,,,,283528000,283528000
2157,p104:r11,office,104,2,Central Office,,p104:r10,p104:r10,5,7,,,,283528000,283528000
2158,p104:r12,funding,104,2,Loan Proceeds,,p104:r10,p104:r10,5,7,,,,192052000,192052000
2159,p104:r13,funding,104,2,GOP Counterpart,,p104:r10,p104:r10,5,7,,,,91476000,91476000
2160,p104:r14,activity,104,1,"Cebu-Mactan Bridge (4th Bridge) and Coastal Road Construction Project, JICA Loan No. PH-P274",310204300011000,p54:r0,p54:r0,3,5,3,,,8570911000,8570911000
2161,p104:r15,region,104,1,National Capital Region (NCR),,p104:r14,p104:r14,4,6,,,,8570911000,8570911000
2162,p104:r16,office,104,2,Central Office,,p104:r15,p104:r15,5,7,,,,8570911000,8570911000
2163,p104:r17,funding,104,2,Loan Proceeds,,p104:r15,p104:r15,5,7,,,,6055623000,6055623000
2164,p104:r18,funding,104,2,GOP Counterpart,,p104:r15,p104:r15,5,7,,,,2515288000,2515288000
2165,p104:r19,activity,104,1,"Dalton Pass East Alignment Road Project, JICA Loan No. PH-P280",310204300013000,p54:r0,p54:r0,3,5,3,,,1054475000,1054475000
2166,p104:r20,region,104,1,National Capital Region (NCR),,p104:r19,p104:r19,4,6,,,,1054475000,1054475000
2167,p104:r21,office,104,2,Central Office,,p104:r20,p104:r20,5,7,,,,1054475000,1054475000
2168,p104:r22,funding,104,2,Loan Proceeds,,p104:r20,p104:r20,5,7,,,,876690000,876690000
2169,p104:r23,funding,104,2,GOP Counterpart,,p104:r20,p104:r20,5,7,,,,177785000,177785000
2170,p104:r24,activity,104,1,"Bataan-Cavite Interlink Bridge (BCIB) Project, ADB Loan No. 4432 - PHI and AIIB Loan No. L0724A",310204300015000,p54:r0,p54:r0,3,5,3,,,22494406000,22494406000
2171,p104:r25,region,104,1,National Capital Region (NCR),,p104:r24,p104:r24,4,6,,,,22494406000,22494406000
2172,p104:r26,office,104,2,Central Office,,p104:r25,p104:r25,5,7,,,,22494406000,22494406000
2173,p104:r27,funding,104,2,Loan Proceeds,,p104:r25,p104:r25,5,7,,,,9176106000,9176106000
2174,p104:r28,funding,104,2,GOP Counterpart,,p104:r25,p104:r25,5,7,,,,13318300000,13318300000
2175,p105:r0,activity,105,1,"Laguna Lakeshore Road Network (LLRN) Project - Phase I, KEDCF Loan No. PHL-27, ADB Loan No. 4523-PHI and AIIB Loan No. L0725A",310204300016000,p54:r0,p54:r0,3,5,3,,,35209919000,35209919000
2176,p105:r1,region,105,1,National Capital Region (NCR),,p105:r0,p105:r0,4,6,,,,35209919000,35209919000
2177,p105:r2,office,105,2,Central Office,,p105:r1,p105:r1,5,7,,,,35209919000,35209919000
2178,p105:r3,funding,105,2,Loan Proceeds,,p105:r1,p105:r1,5,7,,,,25731596000,25731596000
2179,p105:r4,funding,105,2,GOP Counterpart,,p105:r1,p105:r1,5,7,,,,9478323000,9478323000
2180,p105:r5,activity,105,1,"Panglao Island-Tagbilaran City Offshore Bridge Connector (PTCOBC ), Main Bridge and Dupinga Bridge, Proposed for French ODA",310204300018000,p54:r0,p54:r0,3,5,3,,,166191000,166191000
2181,p105:r6,region,105,1,National Capital Region (NCR),,p105:r5,p105:r5,4,6,,,,166191000,166191000
2182,p105:r7,office,105,2,Central Office,,p105:r6,p105:r6,5,7,,,,166191000,166191000
2183,p105:r8,funding,105,2,GOP Counterpart,,p105:r6,p105:r6,5,7,,,,166191000,166191000
2184,p105:r9,activity,105,1,"Davao City Bypass Construction Project (II ) (South and Center Sections ), Package I, JICA Loan No. PH-P273",310204300019000,p54:r0,p54:r0,3,5,3,,,4393942000,4393942000
2185,p105:r10,region,105,1,National Capital Region (NCR),,p105:r9,p105:r9,4,6,,,,4393942000,4393942000
2186,p105:r11,office,105,2,Central Office,,p105:r10,p105:r10,5,7,,,,4393942000,4393942000
2187,p105:r12,funding,105,2,Loan Proceeds,,p105:r10,p105:r10,5,7,,,,3839554000,3839554000
2188,p105:r13,funding,105,2,GOP Counterpart,,p105:r10,p105:r10,5,7,,,,554388000,554388000
2189,p105:r14,activity,105,1,"Infrastructure Preparation and Innovation Facility (IPIF ), 2nd Additional Financing Output 1: Roads and Bridges, ADB Loan No. 4424 - PHI",310204300020000,p54:r0,p54:r0,3,5,3,,,1057967000,1057967000
2190,p105:r15,region,105,1,National Capital Region (NCR),,p105:r14,p105:r14,4,6,,,,1057967000,1057967000
2191,p105:r16,office,105,2,Central Office,,p105:r15,p105:r15,5,7,,,,1057967000,1057967000
2192,p105:r17,funding,105,2,Loan Proceeds,,p105:r15,p105:r15,5,7,,,,1032832000,1032832000
2193,p105:r18,funding,105,2,GOP Counterpart,,p105:r15,p105:r15,5,7,,,,25135000,25135000
2194,p105:r19,activity,105,1,"Davao City Bypass Construction Project (III ) (South and Center Sections ), Package I, JICA Loan No. PH-P282",310204300021000,p54:r0,p54:r0,3,5,3,,,7420440000,7420440000
2195,p105:r20,region,105,1,National Capital Region (NCR),,p105:r19,p105:r19,4,6,,,,7420440000,7420440000
2196,p105:r21,office,105,2,Central Office,,p105:r20,p105:r20,5,7,,,,7420440000,7420440000
2197,p105:r22,funding,105,2,Loan Proceeds,,p105:r20,p105:r20,5,7,,,,4206390000,4206390000
2198,p105:r23,funding,105,2,GOP Counterpart,,p105:r20,p105:r20,5,7,,,,3214050000,3214050000
2199,p106:r0,activity,106,1,"Central Mindanao High Standard Highway, Cagayan de Oro-Malaybalay Section, JICA-Assisted",310204300022000,p54:r0,p54:r0,3,5,3,,,87222000,87222000
2200,p106:r1,region,106,1,National Capital Region (NCR),,p106:r0,p106:r0,4,6,,,,87222000,87222000
2201,p106:r2,office,106,2,Central Office,,p106:r1,p106:r1,5,7,,,,87222000,87222000
2202,p106:r3,funding,106,2,Loan Proceeds,,p106:r1,p106:r1,5,7,,,,73191000,73191000
2203,p106:r4,funding,106,2,GOP Counterpart,,p106:r1,p106:r1,5,7,,,,14031000,14031000
2204,p106:r5,activity,106,1,"Improving Growth Corridors in Mindanao Road Sector Project (IGCMRSP ), ADB Loan No. 3631-PHI",310205300002000,p56:r0,p56:r0,3,5,3,,,2112530000,2112530000
2205,p106:r6,region,106,1,National Capital Region (NCR),,p106:r5,p106:r5,4,6,,,,2112530000,2112530000
2206,p106:r7,office,106,2,Central Office,,p106:r6,p106:r6,5,7,,,,2112530000,2112530000
2207,p106:r8,funding,106,2,Loan Proceeds,,p106:r6,p106:r6,5,7,,,,1506836000,1506836000
2208,p106:r9,funding,106,2,GOP Counterpart,,p106:r6,p106:r6,5,7,,,,605694000,605694000
2209,p106:r10,activity,106,1,"Samar Pacific Coastal Road II Project (Laoang II Bridge and Calomotan Bridge ), KEDCF Loan No. PHL-26",310205300004000,p56:r0,p56:r0,3,5,3,,,1460372000,1460372000
2210,p106:r11,region,106,1,National Capital Region (NCR),,p106:r10,p106:r10,4,6,,,,1460372000,1460372000
2211,p106:r12,office,106,2,Central Office,,p106:r11,p106:r11,5,7,,,,1460372000,1460372000
2212,p106:r13,funding,106,2,Loan Proceeds,,p106:r11,p106:r11,5,7,,,,1276612000,1276612000
2213,p106:r14,funding,106,2,GOP Counterpart,,p106:r11,p106:r11,5,7,,,,183760000,183760000
2214,p106:r15,activity,106,1,Metro Manila Priority Bridges Seismic Improvement Project (MMPBSIP) JICA Loan No. PH - National Capital Region (NCR),310304300001000,p65:r3,p65:r3,3,5,3,,,,
2215,p106:r16,office,106,2,Central Office,,p106:r15,p106:r15,4,6,,,,2864678000,2864678000
2216,p106:r17,funding,106,2,Loan Proceeds,,p106:r15,p106:r15,4,6,,,,2668427000,2668427000
2217,p106:r18,funding,106,2,GOP Counterpart,,p106:r15,p106:r15,4,6,,,,196251000,196251000
2218,p106:r19,activity,106,1,Metro Manila Priority Bridges Seismic Improvement Project (MMPBSIP) JICA Loan No. PH - National Capital Region (NCR),310304300002000,p65:r3,p65:r3,3,5,3,,,,
2219,p106:r20,office,106,2,Central Office,,p106:r19,p106:r19,4,6,,,,792964000,792964000
2220,p106:r21,funding,106,2,Loan Proceeds,,p106:r19,p106:r19,4,6,,,,359171000,359171000
2221,p106:r22,funding,106,2,GOP Counterpart,,p106:r19,p106:r19,4,6,,,,433793000,433793000
2222,p106:r23,activity,106,1,"Accelerated Bridge Construction Project for Greater Economic Mobility and Calamity Response, Proposed for French ODA",310306300055000,p71:r11,p71:r11,3,5,3,,,1764891000,1764891000
2223,p106:r24,region,106,1,National Capital Region (NCR),,p106:r23,p106:r23,4,6,,,,1764891000,1764891000
2224,p106:r25,office,106,2,Central Office,,p106:r24,p106:r24,5,7,,,,1764891000,1764891000
2225,p106:r26,funding,106,2,GOP Counterpart,,p106:r24,p106:r24,5,7,,,,1764891000,1764891000
2226,p107:r0,activity,107,1,"Cavite Industrial Area Flood Risk Management Project (CIA-FRMP ), JICA Loan Nos. PH-P265 and PH-P284",320102300005000,p77:r13,p77:r13,3,5,3,,,6566805000,6566805000
2227,p107:r1,region,107,1,National Capital Region (NCR),,p107:r0,p107:r0,4,6,,,,6566805000,6566805000
2228,p107:r2,office,107,2,Central Office,,p107:r1,p107:r1,5,7,,,,6566805000,6566805000
2229,p107:r3,funding,107,2,Loan Proceeds,,p107:r1,p107:r1,5,7,,,,2988400000,2988400000
2230,p107:r4,funding,107,2,GOP Counterpart,,p107:r1,p107:r1,5,7,,,,3578405000,3578405000
2231,p107:r5,activity,107,1,"Pasig - Marikina River Channel Improvement Project (PMRCIP ), Phase IV, JICA Loan Nos. PH-P271 and PH-P283",320102300008000,p77:r13,p77:r13,3,5,3,,,8539933000,8539933000
2232,p107:r6,region,107,1,National Capital Region (NCR),,p107:r5,p107:r5,4,6,,,,8539933000,8539933000
2233,p107:r7,office,107,2,Central Office,,p107:r6,p107:r6,5,7,,,,8539933000,8539933000
2234,p107:r8,funding,107,2,Loan Proceeds,,p107:r6,p107:r6,5,7,,,,4604706000,4604706000
2235,p107:r9,funding,107,2,GOP Counterpart,,p107:r6,p107:r6,5,7,,,,3935227000,3935227000
2236,p107:r10,activity,107,1,"Infrastructure Preparation and Innovation Facility (IPIF ), Additional Financing, Output 2 (Water Projects) ADB Loan No. 3886 - PHI",320102300011000,p77:r13,p77:r13,3,5,3,,,193636000,193636000
2237,p107:r11,region,107,1,National Capital Region (NCR),,p107:r10,p107:r10,4,6,,,,193636000,193636000
2238,p107:r12,office,107,2,Central Office,,p107:r11,p107:r11,5,7,,,,193636000,193636000
2239,p107:r13,funding,107,2,Loan Proceeds,,p107:r11,p107:r11,5,7,,,,141215000,141215000
2240,p107:r14,funding,107,2,GOP Counterpart,,p107:r11,p107:r11,5,7,,,,52421000,52421000
2241,p107:r15,activity,107,1,"Integrated Flood Resilience and Adaptation 1 (InFRA 1) Project, ADB Loan No. 4345-PHI",320102300012000,p77:r13,p77:r13,3,5,3,,,3081329000,3081329000
2242,p107:r16,region,107,1,National Capital Region (NCR),,p107:r15,p107:r15,4,6,,,,3081329000,3081329000
2243,p107:r17,office,107,2,Central Office,,p107:r16,p107:r16,5,7,,,,3081329000,3081329000
2244,p107:r18,funding,107,2,Loan Proceeds,,p107:r16,p107:r16,5,7,,,,2559730000,2559730000
2245,p107:r19,funding,107,2,GOP Counterpart,,p107:r16,p107:r16,5,7,,,,521599000,521599000
2246,p107:r20,activity,107,1,"Infrastructure Preparation and Innovation Facility (IPIF ), 2nd Additional Financing, Output 2; Water Projects, ADB Loan No. 4424 - PHI",320102300014000,p77:r13,p77:r13,3,5,3,,,1148904000,1148904000
2247,p107:r21,region,107,1,National Capital Region (NCR),,p107:r20,p107:r20,4,6,,,,1148904000,1148904000
2248,p107:r22,office,107,2,Central Office,,p107:r21,p107:r21,5,7,,,,1148904000,1148904000
2249,p107:r23,funding,107,2,Loan Proceeds,,p107:r21,p107:r21,5,7,,,,951386000,951386000
2250,p107:r24,funding,107,2,GOP Counterpart,,p107:r21,p107:r21,5,7,,,,197518000,197518000
2251,p107:r25,activity,107,1,Accelerated Water and Sanitation Project in Selected Areas (AWSPSA),320102300016000,p77:r13,p77:r13,3,5,3,,,72880000,72880000
2252,p107:r26,region,107,1,National Capital Region (NCR),,p107:r25,p107:r25,4,6,,,,72880000,72880000
2253,p107:r27,office,107,2,Central Office,,p107:r26,p107:r26,5,7,,,,72880000,72880000
2254,p107:r28,funding,107,2,GOP Counterpart,,p107:r26,p107:r26,5,7,,,,72880000,72880000
2255,p108:r0,activity,108,1,"Philippines Seismic Risk Reduction and Resilience Project (PSRRRP ), IBRD Loan No. 9251-PH",300105300001000,p103:ph75,p28:r7,3,3,3,,,182970000,182970000
2256,p108:r1,region,108,1,National Capital Region (NCR),,p108:r0,p108:r0,4,4,,,,182970000,182970000
2257,p108:r2,office,108,2,Central Office,,p108:r1,p108:r1,5,5,,,,182970000,182970000
2258,p108:r3,funding,108,2,GOP Counterpart,,p108:r1,p108:r1,5,5,,,,182970000,182970000
2259,p108:r4,subtotal,108,,"Sub-total, Foreign-Assisted Project (s)",,p103:ph75,p103:ph75,3,3,,,,117749011000,117749011000
2260,p108:r5,subtotal,108,,"Sub-total, Project (s)",,p101:ph2,p101:ph2,2,2,,,,132182686000,132182686000
2261,p108:r6,grand_total,108,0,TOTAL NEW APPROPRIATIONS,,root,root,1,1,,14922297000,24685746000,603003972000,642612015000
